,year,p-amount,area,enter,exit,variable,date
0,1951,92,chugoku,1951-06-14,1951-07-21,g-enter,1900-06-14
1,1952,128,chugoku,1952-05-31,1952-07-21,g-enter,1900-05-31
2,1953,189,chugoku,1953-05-28,1953-07-24,g-enter,1900-05-28
3,1954,151,chugoku,1954-05-30,1954-08-02,g-enter,1900-05-30
4,1955,87,chugoku,1955-06-06,1955-07-10,g-enter,1900-06-06
5,1956,96,chugoku,1956-05-29,1956-07-12,g-enter,1900-05-29
6,1957,143,chugoku,1957-06-16,1957-07-31,g-enter,1900-06-16
7,1958,88,chugoku,1958-06-05,1958-07-11,g-enter,1900-06-05
8,1959,78,chugoku,1959-06-10,1959-07-20,g-enter,1900-06-10
9,1960,76,chugoku,1960-06-10,1960-07-11,g-enter,1900-06-10
10,1961,79,chugoku,1961-06-08,1961-07-13,g-enter,1900-06-08
11,1962,104,chugoku,1962-06-02,1962-07-22,g-enter,1900-06-02
12,1963,119,chugoku,1963-05-08,1963-07-13,g-enter,1900-05-08
13,1964,124,chugoku,1964-06-13,1964-07-20,g-enter,1900-06-13
14,1965,160,chugoku,1965-06-11,1965-07-26,g-enter,1900-06-11
15,1966,88,chugoku,1966-06-15,1966-07-14,g-enter,1900-06-15
16,1967,114,chugoku,1967-06-21,1967-07-16,g-enter,1900-06-21
17,1968,81,chugoku,1968-06-24,1968-07-18,g-enter,1900-06-24
18,1969,134,chugoku,1969-06-16,1969-07-14,g-enter,1900-06-16
19,1970,126,chugoku,1970-06-10,1970-07-19,g-enter,1900-06-10
20,1971,130,chugoku,1971-06-03,1971-07-27,g-enter,1900-06-03
21,1972,169,chugoku,1972-06-03,1972-07-17,g-enter,1900-06-03
22,1973,43,chugoku,1973-06-05,1973-07-04,g-enter,1900-06-05
23,1974,98,chugoku,1974-06-10,1974-07-20,g-enter,1900-06-10
24,1975,82,chugoku,1975-06-05,1975-07-15,g-enter,1900-06-05
25,1976,57,chugoku,1976-06-05,1976-07-17,g-enter,1900-06-05
26,1977,66,chugoku,1977-06-07,1977-07-20,g-enter,1900-06-07
27,1978,60,chugoku,1978-06-11,1978-07-03,g-enter,1900-06-11
28,1979,84,chugoku,1979-06-06,1979-07-25,g-enter,1900-06-06
29,1980,124,chugoku,1980-06-07,1980-07-20,g-enter,1900-06-07
30,1981,130,chugoku,1981-06-11,1981-07-16,g-enter,1900-06-11
31,1982,71,chugoku,1982-06-13,1982-07-30,g-enter,1900-06-13
32,1983,112,chugoku,1983-06-12,1983-07-25,g-enter,1900-06-12
33,1984,78,chugoku,1984-06-07,1984-07-14,g-enter,1900-06-07
34,1985,148,chugoku,1985-06-07,1985-07-15,g-enter,1900-06-07
35,1986,118,chugoku,1986-06-15,1986-07-26,g-enter,1900-06-15
36,1987,102,chugoku,1987-06-08,1987-07-26,g-enter,1900-06-08
37,1988,139,chugoku,1988-06-08,1988-07-31,g-enter,1900-06-08
38,1989,74,chugoku,1989-06-08,1989-07-18,g-enter,1900-06-08
39,1990,81,chugoku,1990-05-31,1990-07-18,g-enter,1900-05-31
40,1991,138,chugoku,1991-05-25,1991-07-21,g-enter,1900-05-25
41,1992,56,chugoku,1992-06-07,1992-07-21,g-enter,1900-06-07
42,1993,175,chugoku,1993-05-30,,g-enter,1900-05-30
43,1994,37,chugoku,1994-06-08,1994-07-09,g-enter,1900-06-08
44,1995,112,chugoku,1995-06-08,1995-07-25,g-enter,1900-06-08
45,1996,99,chugoku,1996-06-07,1996-07-15,g-enter,1900-06-07
46,1997,144,chugoku,1997-06-08,1997-07-18,g-enter,1900-06-08
47,1998,79,chugoku,1998-06-02,1998-08-03,g-enter,1900-06-02
48,1999,122,chugoku,1999-06-02,1999-07-22,g-enter,1900-06-02
49,2000,55,chugoku,2000-06-08,2000-07-18,g-enter,1900-06-08
50,2001,97,chugoku,2001-06-05,2001-07-19,g-enter,1900-06-05
51,2002,58,chugoku,2002-06-11,2002-07-21,g-enter,1900-06-11
52,2003,117,chugoku,2003-06-10,2003-07-31,g-enter,1900-06-10
53,2004,53,chugoku,2004-05-29,2004-07-13,g-enter,1900-05-29
54,2005,86,chugoku,2005-06-11,2005-07-18,g-enter,1900-06-11
55,2006,145,chugoku,2006-06-08,2006-07-26,g-enter,1900-06-08
56,2007,103,chugoku,2007-06-14,2007-07-23,g-enter,1900-06-14
57,2008,51,chugoku,2008-05-28,2008-07-06,g-enter,1900-05-28
58,2009,123,chugoku,2009-06-03,,g-enter,1900-06-03
59,2010,102,chugoku,2010-06-13,2010-07-17,g-enter,1900-06-13
60,2011,74,chugoku,2011-05-21,2011-07-08,g-enter,1900-05-21
61,2012,93,chugoku,2012-06-08,2012-07-17,g-enter,1900-06-08
62,2013,101,chugoku,2013-05-27,2013-07-08,g-enter,1900-05-27
63,2014,66,chugoku,2014-06-02,2014-07-20,g-enter,1900-06-02
64,2015,78,chugoku,2015-06-02,2015-07-24,g-enter,1900-06-02
65,2016,106,chugoku,2016-06-04,2016-07-18,g-enter,1900-06-04
66,2017,77,chugoku,2017-06-20,2017-07-13,g-enter,1900-06-20
67,2018,119,chugoku,2018-06-05,2018-07-09,g-enter,1900-06-05
68,1951,77,hokuriku,1951-06-15,1951-07-18,g-enter,1900-06-15
69,1952,140,hokuriku,1952-06-02,1952-07-20,g-enter,1900-06-02
70,1953,161,hokuriku,1953-05-28,1953-07-24,g-enter,1900-05-28
71,1954,97,hokuriku,1954-06-06,1954-07-18,g-enter,1900-06-06
72,1955,88,hokuriku,1955-06-15,1955-07-09,g-enter,1900-06-15
73,1956,115,hokuriku,1956-05-22,1956-07-26,g-enter,1900-05-22
74,1957,116,hokuriku,1957-06-05,1957-07-31,g-enter,1900-06-05
75,1958,121,hokuriku,1958-06-28,1958-07-09,g-enter,1900-06-28
76,1959,111,hokuriku,1959-06-10,1959-07-27,g-enter,1900-06-10
77,1960,81,hokuriku,1960-06-11,1960-07-18,g-enter,1900-06-11
78,1961,152,hokuriku,1961-06-09,1961-07-16,g-enter,1900-06-09
79,1962,92,hokuriku,1962-06-03,1962-07-22,g-enter,1900-06-03
80,1963,109,hokuriku,1963-05-29,1963-07-25,g-enter,1900-05-29
81,1964,175,hokuriku,1964-06-20,1964-07-22,g-enter,1900-06-20
82,1965,156,hokuriku,1965-06-19,1965-07-25,g-enter,1900-06-19
83,1966,125,hokuriku,1966-06-09,1966-07-20,g-enter,1900-06-09
84,1967,86,hokuriku,1967-06-25,1967-07-17,g-enter,1900-06-25
85,1968,56,hokuriku,1968-06-16,1968-07-20,g-enter,1900-06-16
86,1969,90,hokuriku,1969-06-12,1969-07-16,g-enter,1900-06-12
87,1970,87,hokuriku,1970-06-11,1970-07-20,g-enter,1900-06-11
88,1971,155,hokuriku,1971-06-04,1971-07-28,g-enter,1900-06-04
89,1972,109,hokuriku,1972-06-07,1972-07-19,g-enter,1900-06-07
90,1973,49,hokuriku,1973-06-06,1973-07-13,g-enter,1900-06-06
91,1974,106,hokuriku,1974-06-11,1974-07-21,g-enter,1900-06-11
92,1975,85,hokuriku,1975-06-05,1975-07-16,g-enter,1900-06-05
93,1976,91,hokuriku,1976-06-05,1976-07-21,g-enter,1900-06-05
94,1977,56,hokuriku,1977-06-10,1977-07-21,g-enter,1900-06-10
95,1978,87,hokuriku,1978-06-11,1978-07-08,g-enter,1900-06-11
96,1979,93,hokuriku,1979-06-07,1979-07-30,g-enter,1900-06-07
97,1980,122,hokuriku,1980-06-09,1980-07-21,g-enter,1900-06-09
98,1981,117,hokuriku,1981-06-11,1981-07-16,g-enter,1900-06-11
99,1982,62,hokuriku,1982-06-23,1982-07-31,g-enter,1900-06-23
100,1983,139,hokuriku,1983-06-12,1983-07-28,g-enter,1900-06-12
101,1984,99,hokuriku,1984-06-17,1984-07-22,g-enter,1900-06-17
102,1985,164,hokuriku,1985-06-08,1985-07-15,g-enter,1900-06-08
103,1986,102,hokuriku,1986-06-16,1986-07-27,g-enter,1900-06-16
104,1987,74,hokuriku,1987-06-28,1987-08-08,g-enter,1900-06-28
105,1988,118,hokuriku,1988-06-23,1988-07-31,g-enter,1900-06-23
106,1989,73,hokuriku,1989-06-15,1989-07-19,g-enter,1900-06-15
107,1990,81,hokuriku,1990-06-15,1990-07-20,g-enter,1900-06-15
108,1991,133,hokuriku,1991-06-10,1991-08-14,g-enter,1900-06-10
109,1992,63,hokuriku,1992-06-07,1992-07-19,g-enter,1900-06-07
110,1993,119,hokuriku,1993-06-02,,g-enter,1900-06-02
111,1994,36,hokuriku,1994-06-08,1994-07-13,g-enter,1900-06-08
112,1995,144,hokuriku,1995-06-02,1995-07-23,g-enter,1900-06-02
113,1996,83,hokuriku,1996-06-07,1996-07-16,g-enter,1900-06-07
114,1997,124,hokuriku,1997-06-02,1997-07-18,g-enter,1900-06-02
115,1998,71,hokuriku,1998-06-02,,g-enter,1900-06-02
116,1999,99,hokuriku,1999-06-15,1999-07-24,g-enter,1900-06-15
117,2000,66,hokuriku,2000-06-08,2000-07-19,g-enter,1900-06-08
118,2001,89,hokuriku,2001-06-05,2001-07-02,g-enter,1900-06-05
119,2002,125,hokuriku,2002-06-11,2002-07-23,g-enter,1900-06-11
120,2003,101,hokuriku,2003-06-12,2003-08-01,g-enter,1900-06-12
121,2004,86,hokuriku,2004-06-06,2004-07-22,g-enter,1900-06-06
122,2005,106,hokuriku,2005-06-27,2005-07-18,g-enter,1900-06-27
123,2006,150,hokuriku,2006-06-15,2006-07-30,g-enter,1900-06-15
124,2007,101,hokuriku,2007-06-21,2007-08-01,g-enter,1900-06-21
125,2008,67,hokuriku,2008-06-19,2008-08-06,g-enter,1900-06-19
126,2009,117,hokuriku,2009-06-03,,g-enter,1900-06-03
127,2010,92,hokuriku,2010-06-13,2010-07-17,g-enter,1900-06-13
128,2011,96,hokuriku,2011-06-18,2011-07-09,g-enter,1900-06-18
129,2012,84,hokuriku,2012-06-09,2012-07-26,g-enter,1900-06-09
130,2013,133,hokuriku,2013-06-18,2013-08-07,g-enter,1900-06-18
131,2014,88,hokuriku,2014-06-05,2014-07-21,g-enter,1900-06-05
132,2015,68,hokuriku,2015-06-19,2015-07-25,g-enter,1900-06-19
133,2016,91,hokuriku,2016-06-13,2016-07-19,g-enter,1900-06-13
134,2017,133,hokuriku,2017-06-25,2017-08-02,g-enter,1900-06-25
135,2018,70,hokuriku,2018-06-09,2018-07-09,g-enter,1900-06-09
136,1951,121,kanto,1951-06-15,1951-07-18,g-enter,1900-06-15
137,1952,151,kanto,1952-06-14,1952-07-16,g-enter,1900-06-14
138,1953,149,kanto,1953-06-01,1953-07-24,g-enter,1900-06-01
139,1954,135,kanto,1954-06-06,1954-07-25,g-enter,1900-06-06
140,1955,60,kanto,1955-06-13,1955-07-09,g-enter,1900-06-13
141,1956,81,kanto,1956-06-09,1956-07-26,g-enter,1900-06-09
142,1957,131,kanto,1957-06-06,1957-07-28,g-enter,1900-06-06
143,1958,99,kanto,1958-06-11,1958-07-13,g-enter,1900-06-11
144,1959,89,kanto,1959-06-10,1959-07-06,g-enter,1900-06-10
145,1960,53,kanto,1960-06-19,1960-07-18,g-enter,1900-06-19
146,1961,127,kanto,1961-06-09,1961-07-08,g-enter,1900-06-09
147,1962,116,kanto,1962-06-03,1962-07-12,g-enter,1900-06-03
148,1963,114,kanto,1963-05-06,1963-07-24,g-enter,1900-05-06
149,1964,81,kanto,1964-06-09,1964-07-22,g-enter,1900-06-09
150,1965,106,kanto,1965-06-12,1965-07-27,g-enter,1900-06-12
151,1966,145,kanto,1966-06-09,1966-07-19,g-enter,1900-06-09
152,1967,88,kanto,1967-06-22,1967-07-18,g-enter,1900-06-22
153,1968,107,kanto,1968-06-15,1968-07-19,g-enter,1900-06-15
154,1969,115,kanto,1969-06-17,1969-07-14,g-enter,1900-06-17
155,1970,113,kanto,1970-06-11,1970-07-20,g-enter,1900-06-11
156,1971,74,kanto,1971-06-03,1971-07-29,g-enter,1900-06-03
157,1972,118,kanto,1972-06-12,1972-07-19,g-enter,1900-06-12
158,1973,67,kanto,1973-06-06,1973-07-05,g-enter,1900-06-06
159,1974,139,kanto,1974-06-11,1974-07-25,g-enter,1900-06-11
160,1975,109,kanto,1975-06-05,1975-07-15,g-enter,1900-06-05
161,1976,110,kanto,1976-06-05,1976-07-22,g-enter,1900-06-05
162,1977,97,kanto,1977-06-07,1977-07-21,g-enter,1900-06-07
163,1978,77,kanto,1978-06-11,1978-07-04,g-enter,1900-06-11
164,1979,74,kanto,1979-06-07,1979-07-24,g-enter,1900-06-07
165,1980,96,kanto,1980-06-08,1980-07-21,g-enter,1900-06-08
166,1981,91,kanto,1981-06-11,1981-07-08,g-enter,1900-06-11
167,1982,102,kanto,1982-06-17,1982-08-04,g-enter,1900-06-17
168,1983,105,kanto,1983-06-12,1983-07-26,g-enter,1900-06-12
169,1984,98,kanto,1984-06-10,1984-07-22,g-enter,1900-06-10
170,1985,161,kanto,1985-06-08,1985-07-15,g-enter,1900-06-08
171,1986,70,kanto,1986-06-16,1986-07-27,g-enter,1900-06-16
172,1987,78,kanto,1987-06-09,1987-07-23,g-enter,1900-06-09
173,1988,109,kanto,1988-06-08,1988-07-31,g-enter,1900-06-08
174,1989,132,kanto,1989-06-09,1989-07-19,g-enter,1900-06-09
175,1990,51,kanto,1990-06-01,1990-07-18,g-enter,1900-06-01
176,1991,91,kanto,1991-05-31,1991-07-23,g-enter,1900-05-31
177,1992,89,kanto,1992-06-07,1992-07-19,g-enter,1900-06-07
178,1993,147,kanto,1993-05-30,,g-enter,1900-05-30
179,1994,55,kanto,1994-06-07,1994-07-12,g-enter,1900-06-07
180,1995,120,kanto,1995-06-03,1995-07-23,g-enter,1900-06-03
181,1996,96,kanto,1996-06-08,1996-07-11,g-enter,1900-06-08
182,1997,95,kanto,1997-06-09,1997-07-19,g-enter,1900-06-09
183,1998,103,kanto,1998-06-02,1998-08-02,g-enter,1900-06-02
184,1999,126,kanto,1999-06-17,1999-07-23,g-enter,1900-06-17
185,2000,124,kanto,2000-06-09,2000-07-16,g-enter,1900-06-09
186,2001,63,kanto,2001-06-05,2001-07-01,g-enter,1900-06-05
187,2002,112,kanto,2002-06-11,2002-07-20,g-enter,1900-06-11
188,2003,85,kanto,2003-06-10,2003-08-02,g-enter,1900-06-10
189,2004,66,kanto,2004-06-06,2004-07-13,g-enter,1900-06-06
190,2005,110,kanto,2005-06-10,2005-07-18,g-enter,1900-06-10
191,2006,120,kanto,2006-06-09,2006-07-30,g-enter,1900-06-09
192,2007,114,kanto,2007-06-22,2007-08-01,g-enter,1900-06-22
193,2008,91,kanto,2008-05-29,2008-07-19,g-enter,1900-05-29
194,2009,95,kanto,2009-06-03,2009-07-14,g-enter,1900-06-03
195,2010,101,kanto,2010-06-13,2010-07-17,g-enter,1900-06-13
196,2011,83,kanto,2011-05-27,2011-07-09,g-enter,1900-05-27
197,2012,100,kanto,2012-06-09,2012-07-25,g-enter,1900-06-09
198,2013,77,kanto,2013-06-10,2013-07-06,g-enter,1900-06-10
199,2014,116,kanto,2014-06-05,2014-07-21,g-enter,1900-06-05
200,2015,128,kanto,2015-06-03,2015-07-10,g-enter,1900-06-03
201,2016,74,kanto,2016-06-05,2016-07-29,g-enter,1900-06-05
202,2017,71,kanto,2017-06-07,2017-07-06,g-enter,1900-06-07
203,2018,92,kanto,2018-06-06,2018-06-29,g-enter,1900-06-06
204,1951,142,kinki,1951-06-07,1951-07-20,g-enter,1900-06-07
205,1952,184,kinki,1952-06-14,1952-07-15,g-enter,1900-06-14
206,1953,164,kinki,1953-05-28,1953-07-24,g-enter,1900-05-28
207,1954,191,kinki,1954-05-30,1954-07-21,g-enter,1900-05-30
208,1955,85,kinki,1955-06-15,1955-07-09,g-enter,1900-06-15
209,1956,91,kinki,1956-05-22,1956-07-12,g-enter,1900-05-22
210,1957,141,kinki,1957-06-17,1957-07-29,g-enter,1900-06-17
211,1958,80,kinki,1958-06-25,1958-07-12,g-enter,1900-06-25
212,1959,84,kinki,1959-06-05,1959-07-20,g-enter,1900-06-05
213,1960,88,kinki,1960-06-10,1960-07-11,g-enter,1900-06-10
214,1961,158,kinki,1961-06-09,1961-07-13,g-enter,1900-06-09
215,1962,153,kinki,1962-06-02,1962-07-20,g-enter,1900-06-02
216,1963,98,kinki,,1963-07-13,g-enter,
217,1964,87,kinki,1964-06-13,1964-07-22,g-enter,1900-06-13
218,1965,133,kinki,1965-06-12,1965-07-25,g-enter,1900-06-12
219,1966,119,kinki,1966-05-29,1966-07-13,g-enter,1900-05-29
220,1967,118,kinki,1967-06-21,1967-07-13,g-enter,1900-06-21
221,1968,114,kinki,1968-06-13,1968-07-17,g-enter,1900-06-13
222,1969,147,kinki,1969-06-17,1969-07-15,g-enter,1900-06-17
223,1970,126,kinki,1970-06-10,1970-07-18,g-enter,1900-06-10
224,1971,110,kinki,1971-06-03,1971-07-28,g-enter,1900-06-03
225,1972,157,kinki,1972-06-03,1972-07-18,g-enter,1900-06-03
226,1973,45,kinki,1973-06-05,1973-07-04,g-enter,1900-06-05
227,1974,131,kinki,1974-06-11,1974-07-20,g-enter,1900-06-11
228,1975,96,kinki,1975-06-05,1975-07-15,g-enter,1900-06-05
229,1976,87,kinki,1976-06-05,1976-07-20,g-enter,1900-06-05
230,1977,74,kinki,1977-06-07,1977-07-20,g-enter,1900-06-07
231,1978,79,kinki,1978-06-11,1978-07-03,g-enter,1900-06-11
232,1979,93,kinki,1979-06-07,1979-07-22,g-enter,1900-06-07
233,1980,121,kinki,1980-05-29,1980-07-20,g-enter,1900-05-29
234,1981,72,kinki,1981-06-11,1981-07-16,g-enter,1900-06-11
235,1982,92,kinki,1982-06-13,1982-07-27,g-enter,1900-06-13
236,1983,104,kinki,1983-06-12,1983-07-25,g-enter,1900-06-12
237,1984,122,kinki,1984-06-08,1984-07-17,g-enter,1900-06-08
238,1985,126,kinki,1985-06-07,1985-07-15,g-enter,1900-06-07
239,1986,108,kinki,1986-06-16,1986-07-27,g-enter,1900-06-16
240,1987,90,kinki,1987-06-08,1987-07-24,g-enter,1900-06-08
241,1988,152,kinki,1988-06-08,1988-07-31,g-enter,1900-06-08
242,1989,90,kinki,1989-06-08,1989-07-19,g-enter,1900-06-08
243,1990,80,kinki,1990-05-31,1990-07-18,g-enter,1900-05-31
244,1991,111,kinki,1991-05-26,1991-07-21,g-enter,1900-05-26
245,1992,75,kinki,1992-06-07,1992-07-21,g-enter,1900-06-07
246,1993,155,kinki,1993-05-30,,g-enter,1900-05-30
247,1994,41,kinki,1994-06-08,1994-07-10,g-enter,1900-06-08
248,1995,123,kinki,1995-06-03,1995-07-23,g-enter,1900-06-03
249,1996,92,kinki,1996-06-07,1996-07-11,g-enter,1900-06-07
250,1997,125,kinki,1997-06-02,1997-07-18,g-enter,1900-06-02
251,1998,108,kinki,1998-06-02,1998-07-31,g-enter,1900-06-02
252,1999,128,kinki,1999-06-03,1999-07-22,g-enter,1900-06-03
253,2000,61,kinki,2000-06-09,2000-07-18,g-enter,1900-06-09
254,2001,74,kinki,2001-06-05,2001-07-19,g-enter,1900-06-05
255,2002,71,kinki,2002-06-11,2002-07-20,g-enter,1900-06-11
256,2003,106,kinki,2003-06-10,2003-08-01,g-enter,1900-06-10
257,2004,61,kinki,2004-06-06,2004-07-13,g-enter,1900-06-06
258,2005,76,kinki,2005-06-11,2005-07-18,g-enter,1900-06-11
259,2006,142,kinki,2006-06-08,2006-07-27,g-enter,1900-06-08
260,2007,111,kinki,2007-06-14,2007-07-24,g-enter,1900-06-14
261,2008,71,kinki,2008-05-28,2008-07-12,g-enter,1900-05-28
262,2009,95,kinki,2009-06-03,2009-08-03,g-enter,1900-06-03
263,2010,137,kinki,2010-06-13,2010-07-17,g-enter,1900-06-13
264,2011,95,kinki,2011-05-22,2011-07-08,g-enter,1900-05-22
265,2012,126,kinki,2012-06-08,2012-07-16,g-enter,1900-06-08
266,2013,81,kinki,2013-05-27,2013-07-08,g-enter,1900-05-27
267,2014,49,kinki,2014-06-03,2014-07-20,g-enter,1900-06-03
268,2015,144,kinki,2015-06-03,2015-07-24,g-enter,1900-06-03
269,2016,103,kinki,2016-06-04,2016-07-18,g-enter,1900-06-04
270,2017,81,kinki,2017-06-20,2017-07-13,g-enter,1900-06-20
271,2018,162,kinki,2018-06-05,2018-07-09,g-enter,1900-06-05
272,1951,114,kyusyu-n,1951-06-14,1951-07-19,g-enter,1900-06-14
273,1952,91,kyusyu-n,1952-06-08,1952-07-15,g-enter,1900-06-08
274,1953,185,kyusyu-n,1953-05-28,1953-07-20,g-enter,1900-05-28
275,1954,173,kyusyu-n,1954-05-13,1954-08-01,g-enter,1900-05-13
276,1955,96,kyusyu-n,1955-06-03,1955-07-10,g-enter,1900-06-03
277,1956,88,kyusyu-n,1956-05-21,1956-07-22,g-enter,1900-05-21
278,1957,154,kyusyu-n,1957-06-05,1957-07-29,g-enter,1900-06-05
279,1958,32,kyusyu-n,1958-06-06,1958-07-11,g-enter,1900-06-06
280,1959,92,kyusyu-n,1959-06-04,1959-07-21,g-enter,1900-06-04
281,1960,57,kyusyu-n,1960-05-24,1960-07-11,g-enter,1900-05-24
282,1961,50,kyusyu-n,1961-06-08,1961-07-10,g-enter,1900-06-08
283,1962,136,kyusyu-n,1962-06-08,1962-07-22,g-enter,1900-06-08
284,1963,99,kyusyu-n,1963-05-30,1963-07-13,g-enter,1900-05-30
285,1964,66,kyusyu-n,1964-06-10,1964-07-20,g-enter,1900-06-10
286,1965,116,kyusyu-n,1965-06-11,1965-07-24,g-enter,1900-06-11
287,1966,65,kyusyu-n,1966-06-14,1966-07-14,g-enter,1900-06-14
288,1967,69,kyusyu-n,1967-06-22,1967-07-16,g-enter,1900-06-22
289,1968,92,kyusyu-n,1968-06-12,1968-07-17,g-enter,1900-06-12
290,1969,117,kyusyu-n,1969-06-17,1969-07-15,g-enter,1900-06-17
291,1970,89,kyusyu-n,1970-06-10,1970-07-21,g-enter,1900-06-10
292,1971,99,kyusyu-n,1971-06-02,1971-07-27,g-enter,1900-06-02
293,1972,160,kyusyu-n,1972-06-03,1972-07-15,g-enter,1900-06-03
294,1973,65,kyusyu-n,1973-06-05,1973-07-06,g-enter,1900-06-05
295,1974,87,kyusyu-n,1974-06-10,1974-07-19,g-enter,1900-06-10
296,1975,91,kyusyu-n,1975-06-04,1975-07-18,g-enter,1900-06-04
297,1976,79,kyusyu-n,1976-06-04,1976-07-22,g-enter,1900-06-04
298,1977,75,kyusyu-n,1977-06-07,1977-07-20,g-enter,1900-06-07
299,1978,65,kyusyu-n,1978-06-10,1978-07-03,g-enter,1900-06-10
300,1979,123,kyusyu-n,1979-06-06,1979-07-25,g-enter,1900-06-06
301,1980,142,kyusyu-n,1980-06-08,1980-07-19,g-enter,1900-06-08
302,1981,91,kyusyu-n,1981-06-10,1981-07-14,g-enter,1900-06-10
303,1982,121,kyusyu-n,1982-06-13,1982-07-27,g-enter,1900-06-13
304,1983,92,kyusyu-n,1983-06-12,1983-07-23,g-enter,1900-06-12
305,1984,73,kyusyu-n,1984-06-07,1984-07-14,g-enter,1900-06-07
306,1985,144,kyusyu-n,1985-06-07,1985-07-15,g-enter,1900-06-07
307,1986,119,kyusyu-n,1986-06-13,1986-07-26,g-enter,1900-06-13
308,1987,125,kyusyu-n,1987-06-08,1987-07-26,g-enter,1900-06-08
309,1988,92,kyusyu-n,1988-06-07,1988-07-06,g-enter,1900-06-07
310,1989,73,kyusyu-n,1989-06-05,1989-07-19,g-enter,1900-06-05
311,1990,94,kyusyu-n,1990-05-30,1990-07-18,g-enter,1900-05-30
312,1991,135,kyusyu-n,1991-05-19,1991-07-19,g-enter,1900-05-19
313,1992,56,kyusyu-n,1992-06-05,1992-07-20,g-enter,1900-06-05
314,1993,158,kyusyu-n,1993-05-29,,g-enter,1900-05-29
315,1994,44,kyusyu-n,1994-06-07,1994-07-01,g-enter,1900-06-07
316,1995,108,kyusyu-n,1995-06-08,1995-07-08,g-enter,1900-06-08
317,1996,95,kyusyu-n,1996-06-07,1996-07-13,g-enter,1900-06-07
318,1997,128,kyusyu-n,1997-06-08,1997-07-19,g-enter,1900-06-08
319,1998,103,kyusyu-n,1998-06-01,1998-08-03,g-enter,1900-06-01
320,1999,126,kyusyu-n,1999-06-02,1999-07-22,g-enter,1900-06-02
321,2000,73,kyusyu-n,2000-05-26,2000-07-17,g-enter,1900-05-26
322,2001,110,kyusyu-n,2001-05-21,2001-07-19,g-enter,1900-05-21
323,2002,57,kyusyu-n,2002-06-10,2002-07-21,g-enter,1900-06-10
324,2003,120,kyusyu-n,2003-06-09,2003-07-31,g-enter,1900-06-09
325,2004,47,kyusyu-n,2004-05-29,2004-07-11,g-enter,1900-05-29
326,2005,70,kyusyu-n,2005-06-10,2005-07-17,g-enter,1900-06-10
327,2006,141,kyusyu-n,2006-06-08,2006-07-26,g-enter,1900-06-08
328,2007,87,kyusyu-n,2007-06-13,2007-07-23,g-enter,1900-06-13
329,2008,84,kyusyu-n,2008-05-28,2008-07-06,g-enter,1900-05-28
330,2009,121,kyusyu-n,2009-06-03,2009-08-04,g-enter,1900-06-03
331,2010,111,kyusyu-n,2010-06-12,2010-07-17,g-enter,1900-06-12
332,2011,119,kyusyu-n,2011-05-21,2011-07-08,g-enter,1900-05-21
333,2012,138,kyusyu-n,2012-05-30,2012-07-23,g-enter,1900-05-30
334,2013,72,kyusyu-n,2013-05-27,2013-07-08,g-enter,1900-05-27
335,2014,87,kyusyu-n,2014-06-02,2014-07-20,g-enter,1900-06-02
336,2015,102,kyusyu-n,2015-06-02,2015-07-29,g-enter,1900-06-02
337,2016,117,kyusyu-n,2016-06-04,2016-07-18,g-enter,1900-06-04
338,2017,67,kyusyu-n,2017-06-20,2017-07-13,g-enter,1900-06-20
339,2018,110,kyusyu-n,2018-06-05,2018-07-09,g-enter,1900-06-05
340,1951,132,kyusyu-s,1951-05-26,1951-07-21,g-enter,1900-05-26
341,1952,132,kyusyu-s,1952-06-14,1952-07-16,g-enter,1900-06-14
342,1953,118,kyusyu-s,1953-05-22,1953-07-22,g-enter,1900-05-22
343,1954,178,kyusyu-s,1954-05-13,1954-08-01,g-enter,1900-05-13
344,1955,130,kyusyu-s,1955-05-28,1955-06-24,g-enter,1900-05-28
345,1956,86,kyusyu-s,1956-05-01,1956-07-13,g-enter,1900-05-01
346,1957,92,kyusyu-s,1957-06-21,1957-08-08,g-enter,1900-06-21
347,1958,40,kyusyu-s,1958-06-06,1958-07-09,g-enter,1900-06-06
348,1959,102,kyusyu-s,1959-06-04,1959-07-21,g-enter,1900-06-04
349,1960,59,kyusyu-s,1960-05-24,1960-07-10,g-enter,1900-05-24
350,1961,67,kyusyu-s,1961-06-02,1961-07-10,g-enter,1900-06-02
351,1962,119,kyusyu-s,1962-06-02,1962-07-20,g-enter,1900-06-02
352,1963,58,kyusyu-s,1963-05-28,1963-07-12,g-enter,1900-05-28
353,1964,84,kyusyu-s,1964-06-10,1964-07-01,g-enter,1900-06-10
354,1965,79,kyusyu-s,1965-06-09,1965-07-07,g-enter,1900-06-09
355,1966,87,kyusyu-s,1966-05-31,1966-07-14,g-enter,1900-05-31
356,1967,76,kyusyu-s,1967-06-18,1967-07-14,g-enter,1900-06-18
357,1968,129,kyusyu-s,1968-06-12,1968-07-16,g-enter,1900-06-12
358,1969,107,kyusyu-s,1969-06-17,1969-07-15,g-enter,1900-06-17
359,1970,106,kyusyu-s,1970-06-10,1970-07-15,g-enter,1900-06-10
360,1971,106,kyusyu-s,1971-05-22,1971-07-25,g-enter,1900-05-22
361,1972,133,kyusyu-s,1972-06-02,1972-07-15,g-enter,1900-06-02
362,1973,81,kyusyu-s,1973-05-26,1973-07-05,g-enter,1900-05-26
363,1974,63,kyusyu-s,1974-05-14,1974-07-18,g-enter,1900-05-14
364,1975,93,kyusyu-s,1975-06-04,1975-07-14,g-enter,1900-06-04
365,1976,114,kyusyu-s,1976-05-19,1976-07-16,g-enter,1900-05-19
366,1977,83,kyusyu-s,1977-05-26,1977-07-04,g-enter,1900-05-26
367,1978,70,kyusyu-s,1978-06-03,1978-07-03,g-enter,1900-06-03
368,1979,110,kyusyu-s,1979-06-06,1979-07-22,g-enter,1900-06-06
369,1980,100,kyusyu-s,1980-05-30,1980-07-18,g-enter,1900-05-30
370,1981,44,kyusyu-s,1981-05-27,1981-07-11,g-enter,1900-05-27
371,1982,94,kyusyu-s,1982-05-29,1982-07-27,g-enter,1900-05-29
372,1983,96,kyusyu-s,1983-06-03,1983-07-21,g-enter,1900-06-03
373,1984,84,kyusyu-s,1984-05-31,1984-07-03,g-enter,1900-05-31
374,1985,90,kyusyu-s,1985-05-29,1985-07-06,g-enter,1900-05-29
375,1986,67,kyusyu-s,1986-06-05,1986-07-19,g-enter,1900-06-05
376,1987,88,kyusyu-s,1987-06-02,1987-07-25,g-enter,1900-06-02
377,1988,98,kyusyu-s,1988-06-01,1988-07-05,g-enter,1900-06-01
378,1989,103,kyusyu-s,1989-06-05,1989-07-14,g-enter,1900-06-05
379,1990,86,kyusyu-s,1990-05-30,1990-07-07,g-enter,1900-05-30
380,1991,89,kyusyu-s,1991-05-19,1991-07-09,g-enter,1900-05-19
381,1992,110,kyusyu-s,1992-06-05,1992-07-20,g-enter,1900-06-05
382,1993,216,kyusyu-s,1993-05-17,,g-enter,1900-05-17
383,1994,73,kyusyu-s,1994-05-25,1994-07-01,g-enter,1900-05-25
384,1995,126,kyusyu-s,1995-05-25,1995-07-07,g-enter,1900-05-25
385,1996,105,kyusyu-s,1996-05-27,1996-07-13,g-enter,1900-05-27
386,1997,84,kyusyu-s,1997-06-02,1997-07-20,g-enter,1900-06-02
387,1998,110,kyusyu-s,1998-05-28,1998-07-01,g-enter,1900-05-28
388,1999,131,kyusyu-s,1999-06-02,1999-07-23,g-enter,1900-06-02
389,2000,118,kyusyu-s,2000-05-26,2000-07-15,g-enter,1900-05-26
390,2001,83,kyusyu-s,2001-05-21,2001-07-20,g-enter,1900-05-21
391,2002,113,kyusyu-s,2002-06-10,2002-07-21,g-enter,1900-06-10
392,2003,104,kyusyu-s,2003-06-09,2003-07-22,g-enter,1900-06-09
393,2004,51,kyusyu-s,2004-05-29,2004-07-11,g-enter,1900-05-29
394,2005,77,kyusyu-s,2005-06-11,2005-07-15,g-enter,1900-06-11
395,2006,116,kyusyu-s,2006-05-26,2006-07-25,g-enter,1900-05-26
396,2007,139,kyusyu-s,2007-06-01,2007-07-18,g-enter,1900-06-01
397,2008,92,kyusyu-s,2008-05-28,2008-07-06,g-enter,1900-05-28
398,2009,51,kyusyu-s,2009-06-02,2009-07-12,g-enter,1900-06-02
399,2010,163,kyusyu-s,2010-06-12,2010-07-20,g-enter,1900-06-12
400,2011,135,kyusyu-s,2011-05-23,2011-07-08,g-enter,1900-05-23
401,2012,168,kyusyu-s,2012-05-30,2012-07-23,g-enter,1900-05-30
402,2013,77,kyusyu-s,2013-05-27,2013-07-08,g-enter,1900-05-27
403,2014,135,kyusyu-s,2014-06-02,2014-07-16,g-enter,1900-06-02
404,2015,209,kyusyu-s,2015-06-02,2015-07-14,g-enter,1900-06-02
405,2016,147,kyusyu-s,2016-05-24,2016-07-18,g-enter,1900-05-24
406,2017,91,kyusyu-s,2017-06-06,2017-07-13,g-enter,1900-06-06
407,2018,128,kyusyu-s,2018-06-05,2018-07-09,g-enter,1900-06-05
408,1951,141,okinawa,1951-05-14,1951-06-18,g-enter,1900-05-14
409,1952,140,okinawa,1952-05-11,1952-06-24,g-enter,1900-05-11
410,1953,136,okinawa,1953-05-11,1953-06-14,g-enter,1900-05-11
411,1954,110,okinawa,1954-05-07,1954-07-01,g-enter,1900-05-07
412,1955,104,okinawa,1955-05-06,1955-06-17,g-enter,1900-05-06
413,1956,158,okinawa,1956-04-28,1956-06-16,g-enter,1900-04-28
414,1957,198,okinawa,1957-05-12,1957-06-19,g-enter,1900-05-12
415,1958,86,okinawa,1958-05-03,1958-06-25,g-enter,1900-05-03
416,1959,101,okinawa,1959-05-16,1959-06-30,g-enter,1900-05-16
417,1960,92,okinawa,1960-05-15,1960-06-20,g-enter,1900-05-15
418,1961,84,okinawa,1961-05-07,1961-06-16,g-enter,1900-05-07
419,1962,94,okinawa,1962-05-03,1962-07-02,g-enter,1900-05-03
420,1963,46,okinawa,1963-06-04,1963-06-15,g-enter,1900-06-04
421,1964,134,okinawa,1964-05-05,1964-06-25,g-enter,1900-05-05
422,1965,187,okinawa,1965-05-06,1965-06-29,g-enter,1900-05-06
423,1966,187,okinawa,1966-05-11,1966-06-14,g-enter,1900-05-11
424,1967,122,okinawa,1967-05-20,1967-06-19,g-enter,1900-05-20
425,1968,78,okinawa,1968-05-20,1968-06-25,g-enter,1900-05-20
426,1969,157,okinawa,1969-05-08,1969-06-29,g-enter,1900-05-08
427,1970,114,okinawa,1970-05-13,1970-06-18,g-enter,1900-05-13
428,1971,38,okinawa,1971-05-20,1971-06-10,g-enter,1900-05-20
429,1972,136,okinawa,1972-05-11,1972-06-20,g-enter,1900-05-11
430,1973,87,okinawa,1973-05-09,1973-06-18,g-enter,1900-05-09
431,1974,138,okinawa,1974-05-05,1974-06-30,g-enter,1900-05-05
432,1975,130,okinawa,1975-05-08,1975-07-06,g-enter,1900-05-08
433,1976,86,okinawa,1976-05-26,1976-07-09,g-enter,1900-05-26
434,1977,93,okinawa,1977-05-09,1977-06-28,g-enter,1900-05-09
435,1978,111,okinawa,1978-05-10,1978-06-15,g-enter,1900-05-10
436,1979,131,okinawa,1979-05-10,1979-06-19,g-enter,1900-05-10
437,1980,63,okinawa,1980-04-20,1980-06-10,g-enter,1900-04-20
438,1981,75,okinawa,1981-05-06,1981-06-17,g-enter,1900-05-06
439,1982,102,okinawa,1982-05-07,1982-07-06,g-enter,1900-05-07
440,1983,94,okinawa,1983-05-09,1983-06-20,g-enter,1900-05-09
441,1984,73,okinawa,1984-05-14,1984-06-18,g-enter,1900-05-14
442,1985,77,okinawa,1985-05-15,1985-06-21,g-enter,1900-05-15
443,1986,71,okinawa,1986-05-07,1986-06-21,g-enter,1900-05-07
444,1987,141,okinawa,1987-05-13,1987-06-26,g-enter,1900-05-13
445,1988,119,okinawa,1988-05-10,1988-06-28,g-enter,1900-05-10
446,1989,114,okinawa,1989-05-09,1989-06-24,g-enter,1900-05-09
447,1990,135,okinawa,1990-05-09,1990-06-19,g-enter,1900-05-09
448,1991,43,okinawa,1991-05-06,1991-06-26,g-enter,1900-05-06
449,1992,119,okinawa,1992-05-08,1992-06-26,g-enter,1900-05-08
450,1993,63,okinawa,1993-05-03,1993-06-25,g-enter,1900-05-03
451,1994,105,okinawa,1994-05-03,1994-06-23,g-enter,1900-05-03
452,1995,119,okinawa,1995-05-04,1995-07-01,g-enter,1900-05-04
453,1996,110,okinawa,1996-04-29,1996-06-10,g-enter,1900-04-29
454,1997,90,okinawa,1997-05-01,1997-06-20,g-enter,1900-05-01
455,1998,178,okinawa,1998-04-25,1998-06-18,g-enter,1900-04-25
456,1999,75,okinawa,1999-05-09,1999-06-23,g-enter,1900-05-09
457,2000,57,okinawa,2000-05-17,2000-06-20,g-enter,1900-05-17
458,2001,142,okinawa,2001-05-06,2001-06-21,g-enter,1900-05-06
459,2002,61,okinawa,2002-05-11,2002-06-21,g-enter,1900-05-11
460,2003,74,okinawa,2003-05-15,2003-06-20,g-enter,1900-05-15
461,2004,93,okinawa,2004-05-05,2004-06-23,g-enter,1900-05-05
462,2005,167,okinawa,2005-05-02,2005-06-27,g-enter,1900-05-02
463,2006,133,okinawa,2006-05-14,2006-06-20,g-enter,1900-05-14
464,2007,103,okinawa,2007-05-16,2007-06-21,g-enter,1900-05-16
465,2008,81,okinawa,2008-05-22,2008-06-17,g-enter,1900-05-22
466,2009,92,okinawa,2009-05-18,2009-07-06,g-enter,1900-05-18
467,2010,95,okinawa,2010-05-06,2010-06-19,g-enter,1900-05-06
468,2011,138,okinawa,2011-04-30,2011-06-09,g-enter,1900-04-30
469,2012,115,okinawa,2012-05-13,2012-06-23,g-enter,1900-05-13
470,2013,93,okinawa,2013-05-10,2013-06-11,g-enter,1900-05-10
471,2014,126,okinawa,2014-05-05,2014-06-26,g-enter,1900-05-05
472,2015,73,okinawa,2015-05-20,2015-06-08,g-enter,1900-05-20
473,2016,84,okinawa,2016-05-16,2016-06-16,g-enter,1900-05-16
474,2017,105,okinawa,2017-05-13,2017-06-22,g-enter,1900-05-13
475,2018,71,okinawa,2018-06-01,2018-06-23,g-enter,1900-06-01
476,1951,137,sikoku,1951-05-26,1951-07-22,g-enter,1900-05-26
477,1952,143,sikoku,1952-06-08,1952-07-21,g-enter,1900-06-08
478,1953,148,sikoku,1953-05-28,1953-07-23,g-enter,1900-05-28
479,1954,204,sikoku,1954-06-05,1954-08-02,g-enter,1900-06-05
480,1955,105,sikoku,1955-05-28,1955-07-10,g-enter,1900-05-28
481,1956,73,sikoku,1956-05-22,1956-07-10,g-enter,1900-05-22
482,1957,103,sikoku,1957-06-05,1957-07-29,g-enter,1900-06-05
483,1958,65,sikoku,1958-06-06,1958-07-10,g-enter,1900-06-06
484,1959,71,sikoku,1959-06-05,1959-07-20,g-enter,1900-06-05
485,1960,86,sikoku,1960-06-10,1960-07-09,g-enter,1900-06-10
486,1961,108,sikoku,1961-06-08,1961-07-07,g-enter,1900-06-08
487,1962,136,sikoku,1962-06-02,1962-07-19,g-enter,1900-06-02
488,1963,103,sikoku,,1963-07-13,g-enter,
489,1964,77,sikoku,1964-06-11,1964-07-01,g-enter,1900-06-11
490,1965,111,sikoku,1965-06-11,1965-07-24,g-enter,1900-06-11
491,1966,114,sikoku,1966-05-31,1966-07-13,g-enter,1900-05-31
492,1967,81,sikoku,1967-06-21,1967-07-13,g-enter,1900-06-21
493,1968,103,sikoku,1968-06-12,1968-07-17,g-enter,1900-06-12
494,1969,127,sikoku,1969-06-17,1969-07-14,g-enter,1900-06-17
495,1970,123,sikoku,1970-06-10,1970-07-14,g-enter,1900-06-10
496,1971,93,sikoku,1971-06-03,1971-07-27,g-enter,1900-06-03
497,1972,146,sikoku,1972-06-03,1972-07-18,g-enter,1900-06-03
498,1973,62,sikoku,1973-06-05,1973-07-03,g-enter,1900-06-05
499,1974,119,sikoku,1974-06-10,1974-07-19,g-enter,1900-06-10
500,1975,96,sikoku,1975-06-04,1975-07-15,g-enter,1900-06-04
501,1976,91,sikoku,1976-05-19,1976-07-22,g-enter,1900-05-19
502,1977,88,sikoku,1977-06-07,1977-07-12,g-enter,1900-06-07
503,1978,80,sikoku,1978-06-11,1978-07-03,g-enter,1900-06-11
504,1979,105,sikoku,1979-06-06,1979-07-22,g-enter,1900-06-06
505,1980,114,sikoku,1980-05-30,1980-07-19,g-enter,1900-05-30
506,1981,86,sikoku,1981-06-10,1981-07-16,g-enter,1900-06-10
507,1982,120,sikoku,1982-05-29,1982-07-27,g-enter,1900-05-29
508,1983,76,sikoku,1983-06-12,1983-07-24,g-enter,1900-06-12
509,1984,108,sikoku,1984-06-08,1984-07-14,g-enter,1900-06-08
510,1985,101,sikoku,1985-06-07,1985-07-07,g-enter,1900-06-07
511,1986,73,sikoku,1986-06-06,1986-07-18,g-enter,1900-06-06
512,1987,114,sikoku,1987-06-08,1987-07-25,g-enter,1900-06-08
513,1988,146,sikoku,1988-06-01,1988-07-31,g-enter,1900-06-01
514,1989,91,sikoku,1989-06-08,1989-07-18,g-enter,1900-06-08
515,1990,82,sikoku,1990-05-31,1990-07-17,g-enter,1900-05-31
516,1991,106,sikoku,1991-05-19,1991-07-19,g-enter,1900-05-19
517,1992,68,sikoku,1992-06-07,1992-07-21,g-enter,1900-06-07
518,1993,194,sikoku,1993-05-29,,g-enter,1900-05-29
519,1994,61,sikoku,1994-06-07,1994-07-02,g-enter,1900-06-07
520,1995,105,sikoku,1995-06-08,1995-07-08,g-enter,1900-06-08
521,1996,94,sikoku,1996-06-07,1996-07-11,g-enter,1900-06-07
522,1997,99,sikoku,1997-06-02,1997-07-18,g-enter,1900-06-02
523,1998,117,sikoku,1998-06-02,1998-07-03,g-enter,1900-06-02
524,1999,136,sikoku,1999-06-02,1999-07-22,g-enter,1900-06-02
525,2000,74,sikoku,2000-06-03,2000-07-18,g-enter,1900-06-03
526,2001,89,sikoku,2001-05-21,2001-07-19,g-enter,1900-05-21
527,2002,79,sikoku,2002-06-11,2002-07-20,g-enter,1900-06-11
528,2003,96,sikoku,2003-06-10,2003-07-31,g-enter,1900-06-10
529,2004,79,sikoku,2004-05-29,2004-07-13,g-enter,1900-05-29
530,2005,76,sikoku,2005-06-11,2005-07-16,g-enter,1900-06-11
531,2006,119,sikoku,2006-06-08,2006-07-26,g-enter,1900-06-08
532,2007,128,sikoku,2007-06-13,2007-07-23,g-enter,1900-06-13
533,2008,73,sikoku,2008-05-28,2008-07-06,g-enter,1900-05-28
534,2009,88,sikoku,2009-06-03,2009-07-30,g-enter,1900-06-03
535,2010,123,sikoku,2010-06-13,2010-07-17,g-enter,1900-06-13
536,2011,146,sikoku,2011-05-21,2011-07-08,g-enter,1900-05-21
537,2012,141,sikoku,2012-06-02,2012-07-17,g-enter,1900-06-02
538,2013,89,sikoku,2013-05-27,2013-07-08,g-enter,1900-05-27
539,2014,89,sikoku,2014-06-02,2014-07-20,g-enter,1900-06-02
540,2015,142,sikoku,2015-06-02,2015-07-24,g-enter,1900-06-02
541,2016,132,sikoku,2016-06-04,2016-07-18,g-enter,1900-06-04
542,2017,81,sikoku,2017-06-20,2017-07-13,g-enter,1900-06-20
543,2018,156,sikoku,2018-06-05,2018-07-09,g-enter,1900-06-05
544,1951,93,tohoku-n,1951-06-10,1951-07-23,g-enter,1900-06-10
545,1952,94,tohoku-n,1952-06-30,1952-07-20,g-enter,1900-06-30
546,1953,101,tohoku-n,1953-06-05,1953-07-28,g-enter,1900-06-05
547,1954,106,tohoku-n,1954-06-11,1954-08-01,g-enter,1900-06-11
548,1955,104,tohoku-n,1955-06-15,1955-07-09,g-enter,1900-06-15
549,1956,119,tohoku-n,1956-06-20,1956-07-25,g-enter,1900-06-20
550,1957,88,tohoku-n,1957-06-18,1957-08-10,g-enter,1900-06-18
551,1958,114,tohoku-n,1958-06-11,1958-08-01,g-enter,1900-06-11
552,1959,121,tohoku-n,1959-06-07,1959-07-25,g-enter,1900-06-07
553,1960,75,tohoku-n,1960-06-27,1960-07-18,g-enter,1900-06-27
554,1961,118,tohoku-n,1961-06-24,1961-07-28,g-enter,1900-06-24
555,1962,59,tohoku-n,1962-06-03,1962-07-25,g-enter,1900-06-03
556,1963,109,tohoku-n,1963-06-19,1963-07-27,g-enter,1900-06-19
557,1964,99,tohoku-n,1964-06-08,1964-07-25,g-enter,1900-06-08
558,1965,113,tohoku-n,1965-06-18,1965-08-06,g-enter,1900-06-18
559,1966,169,tohoku-n,1966-06-16,1966-08-07,g-enter,1900-06-16
560,1967,78,tohoku-n,1967-07-03,1967-07-18,g-enter,1900-07-03
561,1968,64,tohoku-n,1968-06-20,1968-07-23,g-enter,1900-06-20
562,1969,82,tohoku-n,1969-06-22,1969-07-14,g-enter,1900-06-22
563,1970,62,tohoku-n,1970-06-18,1970-07-20,g-enter,1900-06-18
564,1971,104,tohoku-n,1971-06-11,1971-07-30,g-enter,1900-06-11
565,1972,101,tohoku-n,1972-06-20,1972-08-06,g-enter,1900-06-20
566,1973,31,tohoku-n,1973-06-07,1973-07-13,g-enter,1900-06-07
567,1974,130,tohoku-n,1974-06-06,1974-08-03,g-enter,1900-06-06
568,1975,106,tohoku-n,1975-06-12,1975-07-19,g-enter,1900-06-12
569,1976,55,tohoku-n,1976-06-08,1976-07-23,g-enter,1900-06-08
570,1977,75,tohoku-n,1977-06-11,1977-07-22,g-enter,1900-06-11
571,1978,79,tohoku-n,1978-06-11,1978-07-08,g-enter,1900-06-11
572,1979,119,tohoku-n,1979-06-08,1979-08-08,g-enter,1900-06-08
573,1980,106,tohoku-n,1980-06-09,1980-08-03,g-enter,1900-06-09
574,1981,129,tohoku-n,1981-06-11,1981-07-17,g-enter,1900-06-11
575,1982,64,tohoku-n,1982-06-24,1982-08-07,g-enter,1900-06-24
576,1983,126,tohoku-n,1983-06-13,1983-07-29,g-enter,1900-06-13
577,1984,92,tohoku-n,1984-06-10,1984-07-22,g-enter,1900-06-10
578,1985,92,tohoku-n,1985-06-08,1985-07-19,g-enter,1900-06-08
579,1986,97,tohoku-n,1986-06-17,1986-07-28,g-enter,1900-06-17
580,1987,106,tohoku-n,1987-06-27,1987-08-09,g-enter,1900-06-27
581,1988,84,tohoku-n,1988-06-09,1988-07-31,g-enter,1900-06-09
582,1989,48,tohoku-n,1989-06-15,1989-07-21,g-enter,1900-06-15
583,1990,120,tohoku-n,1990-06-15,1990-07-27,g-enter,1900-06-15
584,1991,137,tohoku-n,1991-06-10,1991-08-14,g-enter,1900-06-10
585,1992,73,tohoku-n,1992-06-08,1992-07-29,g-enter,1900-06-08
586,1993,136,tohoku-n,1993-06-03,,g-enter,1900-06-03
587,1994,58,tohoku-n,1994-06-19,1994-07-13,g-enter,1900-06-19
588,1995,70,tohoku-n,1995-06-14,1995-07-23,g-enter,1900-06-14
589,1996,107,tohoku-n,1996-06-11,1996-08-06,g-enter,1900-06-11
590,1997,76,tohoku-n,1997-06-02,1997-07-17,g-enter,1900-06-02
591,1998,114,tohoku-n,1998-06-03,,g-enter,1900-06-03
592,1999,116,tohoku-n,1999-06-16,1999-07-26,g-enter,1900-06-16
593,2000,103,tohoku-n,2000-06-23,2000-07-27,g-enter,1900-06-23
594,2001,111,tohoku-n,2001-06-06,,g-enter,1900-06-06
595,2002,134,tohoku-n,2002-06-11,2002-07-25,g-enter,1900-06-11
596,2003,110,tohoku-n,2003-06-12,,g-enter,1900-06-12
597,2004,87,tohoku-n,2004-06-19,2004-07-22,g-enter,1900-06-19
598,2005,100,tohoku-n,2005-06-25,2005-08-04,g-enter,1900-06-25
599,2006,80,tohoku-n,2006-06-15,2006-08-02,g-enter,1900-06-15
600,2007,73,tohoku-n,2007-06-29,2007-08-11,g-enter,1900-06-29
601,2008,98,tohoku-n,2008-06-23,2008-08-05,g-enter,1900-06-23
602,2009,148,tohoku-n,2009-06-04,,g-enter,1900-06-04
603,2010,113,tohoku-n,2010-06-16,2010-07-18,g-enter,1900-06-16
604,2011,70,tohoku-n,2011-06-21,2011-07-09,g-enter,1900-06-21
605,2012,86,tohoku-n,2012-06-09,2012-07-26,g-enter,1900-06-09
606,2013,110,tohoku-n,2013-06-15,2013-08-10,g-enter,1900-06-15
607,2014,109,tohoku-n,2014-06-06,2014-07-25,g-enter,1900-06-06
608,2015,87,tohoku-n,2015-06-26,2015-07-29,g-enter,1900-06-26
609,2016,91,tohoku-n,2016-06-13,2016-07-29,g-enter,1900-06-13
610,2017,118,tohoku-n,2017-07-01,,g-enter,1900-07-01
611,2018,99,tohoku-n,2018-06-11,2018-07-19,g-enter,1900-06-11
612,1951,74,tohoku-s,1951-06-04,1951-07-18,g-enter,1900-06-04
613,1952,118,tohoku-s,1952-06-23,1952-07-20,g-enter,1900-06-23
614,1953,101,tohoku-s,1953-06-05,1953-07-26,g-enter,1900-06-05
615,1954,137,tohoku-s,1954-06-06,1954-07-23,g-enter,1900-06-06
616,1955,75,tohoku-s,1955-06-15,1955-07-08,g-enter,1900-06-15
617,1956,141,tohoku-s,1956-06-20,1956-07-24,g-enter,1900-06-20
618,1957,114,tohoku-s,1957-06-18,1957-07-29,g-enter,1900-06-18
619,1958,137,tohoku-s,1958-06-08,1958-07-14,g-enter,1900-06-08
620,1959,123,tohoku-s,1959-06-01,1959-07-25,g-enter,1900-06-01
621,1960,64,tohoku-s,1960-06-21,1960-07-17,g-enter,1900-06-21
622,1961,117,tohoku-s,1961-06-21,1961-07-20,g-enter,1900-06-21
623,1962,97,tohoku-s,1962-06-03,1962-07-22,g-enter,1900-06-03
624,1963,111,tohoku-s,1963-06-03,1963-07-26,g-enter,1900-06-03
625,1964,101,tohoku-s,1964-06-08,1964-07-22,g-enter,1900-06-08
626,1965,123,tohoku-s,1965-06-14,1965-07-24,g-enter,1900-06-14
627,1966,135,tohoku-s,1966-06-04,1966-07-25,g-enter,1900-06-04
628,1967,92,tohoku-s,1967-06-26,1967-07-15,g-enter,1900-06-26
629,1968,80,tohoku-s,1968-06-16,1968-07-19,g-enter,1900-06-16
630,1969,90,tohoku-s,1969-06-17,1969-07-14,g-enter,1900-06-17
631,1970,45,tohoku-s,1970-06-15,1970-07-20,g-enter,1900-06-15
632,1971,117,tohoku-s,1971-06-03,1971-07-29,g-enter,1900-06-03
633,1972,75,tohoku-s,1972-06-12,1972-07-30,g-enter,1900-06-12
634,1973,44,tohoku-s,1973-06-06,1973-07-13,g-enter,1900-06-06
635,1974,123,tohoku-s,1974-06-04,1974-07-26,g-enter,1900-06-04
636,1975,70,tohoku-s,1975-06-05,1975-07-16,g-enter,1900-06-05
637,1976,79,tohoku-s,1976-06-05,1976-07-22,g-enter,1900-06-05
638,1977,66,tohoku-s,1977-06-11,1977-07-22,g-enter,1900-06-11
639,1978,83,tohoku-s,1978-06-11,1978-07-05,g-enter,1900-06-11
640,1979,104,tohoku-s,1979-06-08,1979-07-30,g-enter,1900-06-08
641,1980,137,tohoku-s,1980-06-08,1980-07-22,g-enter,1900-06-08
642,1981,102,tohoku-s,1981-06-11,1981-07-16,g-enter,1900-06-11
643,1982,84,tohoku-s,1982-06-23,1982-08-07,g-enter,1900-06-23
644,1983,118,tohoku-s,1983-06-13,1983-07-27,g-enter,1900-06-13
645,1984,68,tohoku-s,1984-06-10,1984-07-22,g-enter,1900-06-10
646,1985,99,tohoku-s,1985-06-08,1985-07-16,g-enter,1900-06-08
647,1986,89,tohoku-s,1986-06-17,1986-07-28,g-enter,1900-06-17
648,1987,72,tohoku-s,1987-06-25,1987-08-09,g-enter,1900-06-25
649,1988,100,tohoku-s,1988-06-09,1988-07-31,g-enter,1900-06-09
650,1989,55,tohoku-s,1989-06-15,1989-07-21,g-enter,1900-06-15
651,1990,89,tohoku-s,1990-06-15,1990-07-20,g-enter,1900-06-15
652,1991,141,tohoku-s,1991-06-10,1991-07-27,g-enter,1900-06-10
653,1992,92,tohoku-s,1992-06-08,1992-07-24,g-enter,1900-06-08
654,1993,123,tohoku-s,1993-06-03,,g-enter,1900-06-03
655,1994,50,tohoku-s,1994-06-19,1994-07-12,g-enter,1900-06-19
656,1995,106,tohoku-s,1995-06-03,1995-07-23,g-enter,1900-06-03
657,1996,87,tohoku-s,1996-06-10,1996-07-24,g-enter,1900-06-10
658,1997,113,tohoku-s,1997-06-02,1997-07-18,g-enter,1900-06-02
659,1998,96,tohoku-s,1998-06-03,,g-enter,1900-06-03
660,1999,132,tohoku-s,1999-06-16,1999-07-24,g-enter,1900-06-16
661,2000,105,tohoku-s,2000-06-09,2000-07-19,g-enter,1900-06-09
662,2001,98,tohoku-s,2001-06-06,2001-07-07,g-enter,1900-06-06
663,2002,130,tohoku-s,2002-06-11,2002-07-23,g-enter,1900-06-11
664,2003,111,tohoku-s,2003-06-12,,g-enter,1900-06-12
665,2004,114,tohoku-s,2004-06-07,2004-07-22,g-enter,1900-06-07
666,2005,87,tohoku-s,2005-06-15,2005-08-04,g-enter,1900-06-15
667,2006,145,tohoku-s,2006-06-09,2006-08-02,g-enter,1900-06-09
668,2007,126,tohoku-s,2007-06-21,2007-08-01,g-enter,1900-06-21
669,2008,68,tohoku-s,2008-06-22,2008-08-06,g-enter,1900-06-22
670,2009,91,tohoku-s,2009-06-04,,g-enter,1900-06-04
671,2010,108,tohoku-s,2010-06-14,2010-07-18,g-enter,1900-06-14
672,2011,110,tohoku-s,2011-06-21,2011-07-09,g-enter,1900-06-21
673,2012,86,tohoku-s,2012-06-09,2012-07-26,g-enter,1900-06-09
674,2013,139,tohoku-s,2013-06-15,2013-08-07,g-enter,1900-06-15
675,2014,99,tohoku-s,2014-06-05,2014-07-25,g-enter,1900-06-05
676,2015,66,tohoku-s,2015-06-26,2015-07-26,g-enter,1900-06-26
677,2016,70,tohoku-s,2016-06-13,2016-07-29,g-enter,1900-06-13
678,2017,110,tohoku-s,2017-06-30,,g-enter,1900-06-30
679,2018,43,tohoku-s,2018-06-10,2018-07-14,g-enter,1900-06-10
680,1951,115,tokai,1951-06-28,1951-07-18,g-enter,1900-06-28
681,1952,157,tokai,1952-05-27,1952-07-16,g-enter,1900-05-27
682,1953,155,tokai,1953-05-28,1953-07-24,g-enter,1900-05-28
683,1954,149,tokai,1954-06-06,1954-08-02,g-enter,1900-06-06
684,1955,67,tokai,1955-06-02,1955-07-09,g-enter,1900-06-02
685,1956,85,tokai,1956-05-22,1956-07-13,g-enter,1900-05-22
686,1957,112,tokai,1957-06-21,1957-07-29,g-enter,1900-06-21
687,1958,83,tokai,1958-06-25,1958-07-15,g-enter,1900-06-25
688,1959,74,tokai,1959-06-19,1959-07-20,g-enter,1900-06-19
689,1960,75,tokai,1960-06-21,1960-07-11,g-enter,1900-06-21
690,1961,145,tokai,1961-06-21,1961-07-14,g-enter,1900-06-21
691,1962,165,tokai,1962-06-03,1962-07-12,g-enter,1900-06-03
692,1963,104,tokai,1963-05-04,1963-06-22,g-enter,1900-05-04
693,1964,85,tokai,1964-06-20,1964-07-22,g-enter,1900-06-20
694,1965,108,tokai,1965-06-12,1965-07-24,g-enter,1900-06-12
695,1966,117,tokai,1966-06-15,1966-07-13,g-enter,1900-06-15
696,1967,100,tokai,1967-06-22,1967-07-15,g-enter,1900-06-22
697,1968,121,tokai,1968-06-13,1968-07-18,g-enter,1900-06-13
698,1969,133,tokai,1969-06-17,1969-07-14,g-enter,1900-06-17
699,1970,137,tokai,1970-06-10,1970-07-18,g-enter,1900-06-10
700,1971,98,tokai,1971-06-03,1971-07-29,g-enter,1900-06-03
701,1972,152,tokai,1972-06-12,1972-07-18,g-enter,1900-06-12
702,1973,55,tokai,1973-06-06,1973-07-05,g-enter,1900-06-06
703,1974,170,tokai,1974-06-11,1974-07-20,g-enter,1900-06-11
704,1975,94,tokai,1975-06-05,1975-07-15,g-enter,1900-06-05
705,1976,106,tokai,1976-06-05,1976-07-21,g-enter,1900-06-05
706,1977,81,tokai,1977-06-07,1977-07-20,g-enter,1900-06-07
707,1978,86,tokai,1978-06-11,1978-07-04,g-enter,1900-06-11
708,1979,81,tokai,1979-06-07,1979-07-23,g-enter,1900-06-07
709,1980,113,tokai,1980-06-08,1980-07-21,g-enter,1900-06-08
710,1981,70,tokai,1981-06-11,1981-07-15,g-enter,1900-06-11
711,1982,116,tokai,1982-06-17,1982-07-30,g-enter,1900-06-17
712,1983,108,tokai,1983-06-12,1983-07-26,g-enter,1900-06-12
713,1984,111,tokai,1984-06-08,1984-07-19,g-enter,1900-06-08
714,1985,127,tokai,1985-06-08,1985-07-14,g-enter,1900-06-08
715,1986,100,tokai,1986-06-16,1986-07-27,g-enter,1900-06-16
716,1987,75,tokai,1987-06-09,1987-07-24,g-enter,1900-06-09
717,1988,127,tokai,1988-06-08,1988-07-30,g-enter,1900-06-08
718,1989,134,tokai,1989-06-09,1989-07-19,g-enter,1900-06-09
719,1990,80,tokai,1990-06-01,1990-07-18,g-enter,1900-06-01
720,1991,110,tokai,1991-05-31,1991-07-21,g-enter,1900-05-31
721,1992,74,tokai,1992-06-07,1992-07-19,g-enter,1900-06-07
722,1993,158,tokai,1993-05-30,,g-enter,1900-05-30
723,1994,51,tokai,1994-06-07,1994-07-11,g-enter,1900-06-07
724,1995,104,tokai,1995-06-03,1995-07-23,g-enter,1900-06-03
725,1996,89,tokai,1996-06-08,1996-07-11,g-enter,1900-06-08
726,1997,122,tokai,1997-06-02,1997-07-19,g-enter,1900-06-02
727,1998,121,tokai,1998-06-02,1998-07-31,g-enter,1900-06-02
728,1999,113,tokai,1999-06-15,1999-07-22,g-enter,1900-06-15
729,2000,86,tokai,2000-06-09,2000-07-16,g-enter,1900-06-09
730,2001,52,tokai,2001-06-05,2001-07-02,g-enter,1900-06-05
731,2002,88,tokai,2002-06-11,2002-07-20,g-enter,1900-06-11
732,2003,105,tokai,2003-06-10,2003-07-31,g-enter,1900-06-10
733,2004,78,tokai,2004-06-06,2004-07-13,g-enter,1900-06-06
734,2005,83,tokai,2005-06-11,2005-07-18,g-enter,1900-06-11
735,2006,105,tokai,2006-06-08,2006-07-26,g-enter,1900-06-08
736,2007,130,tokai,2007-06-14,2007-07-27,g-enter,1900-06-14
737,2008,77,tokai,2008-05-28,2008-07-12,g-enter,1900-05-28
738,2009,108,tokai,2009-06-03,2009-08-03,g-enter,1900-06-03
739,2010,100,tokai,2010-06-13,2010-07-17,g-enter,1900-06-13
740,2011,103,tokai,2011-05-22,2011-07-08,g-enter,1900-05-22
741,2012,102,tokai,2012-06-08,2012-07-23,g-enter,1900-06-08
742,2013,68,tokai,2013-05-28,2013-07-07,g-enter,1900-05-28
743,2014,60,tokai,2014-06-04,2014-07-21,g-enter,1900-06-04
744,2015,135,tokai,2015-06-03,2015-07-24,g-enter,1900-06-03
745,2016,89,tokai,2016-06-04,2016-07-28,g-enter,1900-06-04
746,2017,67,tokai,2017-06-21,2017-07-15,g-enter,1900-06-21
747,2018,110,tokai,2018-06-05,2018-07-09,g-enter,1900-06-05
748,1951,92,chugoku,1951-06-14,1951-07-21,g-exit,1900-07-21
749,1952,128,chugoku,1952-05-31,1952-07-21,g-exit,1900-07-21
750,1953,189,chugoku,1953-05-28,1953-07-24,g-exit,1900-07-24
751,1954,151,chugoku,1954-05-30,1954-08-02,g-exit,1900-08-02
752,1955,87,chugoku,1955-06-06,1955-07-10,g-exit,1900-07-10
753,1956,96,chugoku,1956-05-29,1956-07-12,g-exit,1900-07-12
754,1957,143,chugoku,1957-06-16,1957-07-31,g-exit,1900-07-31
755,1958,88,chugoku,1958-06-05,1958-07-11,g-exit,1900-07-11
756,1959,78,chugoku,1959-06-10,1959-07-20,g-exit,1900-07-20
757,1960,76,chugoku,1960-06-10,1960-07-11,g-exit,1900-07-11
758,1961,79,chugoku,1961-06-08,1961-07-13,g-exit,1900-07-13
759,1962,104,chugoku,1962-06-02,1962-07-22,g-exit,1900-07-22
760,1963,119,chugoku,1963-05-08,1963-07-13,g-exit,1900-07-13
761,1964,124,chugoku,1964-06-13,1964-07-20,g-exit,1900-07-20
762,1965,160,chugoku,1965-06-11,1965-07-26,g-exit,1900-07-26
763,1966,88,chugoku,1966-06-15,1966-07-14,g-exit,1900-07-14
764,1967,114,chugoku,1967-06-21,1967-07-16,g-exit,1900-07-16
765,1968,81,chugoku,1968-06-24,1968-07-18,g-exit,1900-07-18
766,1969,134,chugoku,1969-06-16,1969-07-14,g-exit,1900-07-14
767,1970,126,chugoku,1970-06-10,1970-07-19,g-exit,1900-07-19
768,1971,130,chugoku,1971-06-03,1971-07-27,g-exit,1900-07-27
769,1972,169,chugoku,1972-06-03,1972-07-17,g-exit,1900-07-17
770,1973,43,chugoku,1973-06-05,1973-07-04,g-exit,1900-07-04
771,1974,98,chugoku,1974-06-10,1974-07-20,g-exit,1900-07-20
772,1975,82,chugoku,1975-06-05,1975-07-15,g-exit,1900-07-15
773,1976,57,chugoku,1976-06-05,1976-07-17,g-exit,1900-07-17
774,1977,66,chugoku,1977-06-07,1977-07-20,g-exit,1900-07-20
775,1978,60,chugoku,1978-06-11,1978-07-03,g-exit,1900-07-03
776,1979,84,chugoku,1979-06-06,1979-07-25,g-exit,1900-07-25
777,1980,124,chugoku,1980-06-07,1980-07-20,g-exit,1900-07-20
778,1981,130,chugoku,1981-06-11,1981-07-16,g-exit,1900-07-16
779,1982,71,chugoku,1982-06-13,1982-07-30,g-exit,1900-07-30
780,1983,112,chugoku,1983-06-12,1983-07-25,g-exit,1900-07-25
781,1984,78,chugoku,1984-06-07,1984-07-14,g-exit,1900-07-14
782,1985,148,chugoku,1985-06-07,1985-07-15,g-exit,1900-07-15
783,1986,118,chugoku,1986-06-15,1986-07-26,g-exit,1900-07-26
784,1987,102,chugoku,1987-06-08,1987-07-26,g-exit,1900-07-26
785,1988,139,chugoku,1988-06-08,1988-07-31,g-exit,1900-07-31
786,1989,74,chugoku,1989-06-08,1989-07-18,g-exit,1900-07-18
787,1990,81,chugoku,1990-05-31,1990-07-18,g-exit,1900-07-18
788,1991,138,chugoku,1991-05-25,1991-07-21,g-exit,1900-07-21
789,1992,56,chugoku,1992-06-07,1992-07-21,g-exit,1900-07-21
790,1993,175,chugoku,1993-05-30,,g-exit,
791,1994,37,chugoku,1994-06-08,1994-07-09,g-exit,1900-07-09
792,1995,112,chugoku,1995-06-08,1995-07-25,g-exit,1900-07-25
793,1996,99,chugoku,1996-06-07,1996-07-15,g-exit,1900-07-15
794,1997,144,chugoku,1997-06-08,1997-07-18,g-exit,1900-07-18
795,1998,79,chugoku,1998-06-02,1998-08-03,g-exit,1900-08-03
796,1999,122,chugoku,1999-06-02,1999-07-22,g-exit,1900-07-22
797,2000,55,chugoku,2000-06-08,2000-07-18,g-exit,1900-07-18
798,2001,97,chugoku,2001-06-05,2001-07-19,g-exit,1900-07-19
799,2002,58,chugoku,2002-06-11,2002-07-21,g-exit,1900-07-21
800,2003,117,chugoku,2003-06-10,2003-07-31,g-exit,1900-07-31
801,2004,53,chugoku,2004-05-29,2004-07-13,g-exit,1900-07-13
802,2005,86,chugoku,2005-06-11,2005-07-18,g-exit,1900-07-18
803,2006,145,chugoku,2006-06-08,2006-07-26,g-exit,1900-07-26
804,2007,103,chugoku,2007-06-14,2007-07-23,g-exit,1900-07-23
805,2008,51,chugoku,2008-05-28,2008-07-06,g-exit,1900-07-06
806,2009,123,chugoku,2009-06-03,,g-exit,
807,2010,102,chugoku,2010-06-13,2010-07-17,g-exit,1900-07-17
808,2011,74,chugoku,2011-05-21,2011-07-08,g-exit,1900-07-08
809,2012,93,chugoku,2012-06-08,2012-07-17,g-exit,1900-07-17
810,2013,101,chugoku,2013-05-27,2013-07-08,g-exit,1900-07-08
811,2014,66,chugoku,2014-06-02,2014-07-20,g-exit,1900-07-20
812,2015,78,chugoku,2015-06-02,2015-07-24,g-exit,1900-07-24
813,2016,106,chugoku,2016-06-04,2016-07-18,g-exit,1900-07-18
814,2017,77,chugoku,2017-06-20,2017-07-13,g-exit,1900-07-13
815,2018,119,chugoku,2018-06-05,2018-07-09,g-exit,1900-07-09
816,1951,77,hokuriku,1951-06-15,1951-07-18,g-exit,1900-07-18
817,1952,140,hokuriku,1952-06-02,1952-07-20,g-exit,1900-07-20
818,1953,161,hokuriku,1953-05-28,1953-07-24,g-exit,1900-07-24
819,1954,97,hokuriku,1954-06-06,1954-07-18,g-exit,1900-07-18
820,1955,88,hokuriku,1955-06-15,1955-07-09,g-exit,1900-07-09
821,1956,115,hokuriku,1956-05-22,1956-07-26,g-exit,1900-07-26
822,1957,116,hokuriku,1957-06-05,1957-07-31,g-exit,1900-07-31
823,1958,121,hokuriku,1958-06-28,1958-07-09,g-exit,1900-07-09
824,1959,111,hokuriku,1959-06-10,1959-07-27,g-exit,1900-07-27
825,1960,81,hokuriku,1960-06-11,1960-07-18,g-exit,1900-07-18
826,1961,152,hokuriku,1961-06-09,1961-07-16,g-exit,1900-07-16
827,1962,92,hokuriku,1962-06-03,1962-07-22,g-exit,1900-07-22
828,1963,109,hokuriku,1963-05-29,1963-07-25,g-exit,1900-07-25
829,1964,175,hokuriku,1964-06-20,1964-07-22,g-exit,1900-07-22
830,1965,156,hokuriku,1965-06-19,1965-07-25,g-exit,1900-07-25
831,1966,125,hokuriku,1966-06-09,1966-07-20,g-exit,1900-07-20
832,1967,86,hokuriku,1967-06-25,1967-07-17,g-exit,1900-07-17
833,1968,56,hokuriku,1968-06-16,1968-07-20,g-exit,1900-07-20
834,1969,90,hokuriku,1969-06-12,1969-07-16,g-exit,1900-07-16
835,1970,87,hokuriku,1970-06-11,1970-07-20,g-exit,1900-07-20
836,1971,155,hokuriku,1971-06-04,1971-07-28,g-exit,1900-07-28
837,1972,109,hokuriku,1972-06-07,1972-07-19,g-exit,1900-07-19
838,1973,49,hokuriku,1973-06-06,1973-07-13,g-exit,1900-07-13
839,1974,106,hokuriku,1974-06-11,1974-07-21,g-exit,1900-07-21
840,1975,85,hokuriku,1975-06-05,1975-07-16,g-exit,1900-07-16
841,1976,91,hokuriku,1976-06-05,1976-07-21,g-exit,1900-07-21
842,1977,56,hokuriku,1977-06-10,1977-07-21,g-exit,1900-07-21
843,1978,87,hokuriku,1978-06-11,1978-07-08,g-exit,1900-07-08
844,1979,93,hokuriku,1979-06-07,1979-07-30,g-exit,1900-07-30
845,1980,122,hokuriku,1980-06-09,1980-07-21,g-exit,1900-07-21
846,1981,117,hokuriku,1981-06-11,1981-07-16,g-exit,1900-07-16
847,1982,62,hokuriku,1982-06-23,1982-07-31,g-exit,1900-07-31
848,1983,139,hokuriku,1983-06-12,1983-07-28,g-exit,1900-07-28
849,1984,99,hokuriku,1984-06-17,1984-07-22,g-exit,1900-07-22
850,1985,164,hokuriku,1985-06-08,1985-07-15,g-exit,1900-07-15
851,1986,102,hokuriku,1986-06-16,1986-07-27,g-exit,1900-07-27
852,1987,74,hokuriku,1987-06-28,1987-08-08,g-exit,1900-08-08
853,1988,118,hokuriku,1988-06-23,1988-07-31,g-exit,1900-07-31
854,1989,73,hokuriku,1989-06-15,1989-07-19,g-exit,1900-07-19
855,1990,81,hokuriku,1990-06-15,1990-07-20,g-exit,1900-07-20
856,1991,133,hokuriku,1991-06-10,1991-08-14,g-exit,1900-08-14
857,1992,63,hokuriku,1992-06-07,1992-07-19,g-exit,1900-07-19
858,1993,119,hokuriku,1993-06-02,,g-exit,
859,1994,36,hokuriku,1994-06-08,1994-07-13,g-exit,1900-07-13
860,1995,144,hokuriku,1995-06-02,1995-07-23,g-exit,1900-07-23
861,1996,83,hokuriku,1996-06-07,1996-07-16,g-exit,1900-07-16
862,1997,124,hokuriku,1997-06-02,1997-07-18,g-exit,1900-07-18
863,1998,71,hokuriku,1998-06-02,,g-exit,
864,1999,99,hokuriku,1999-06-15,1999-07-24,g-exit,1900-07-24
865,2000,66,hokuriku,2000-06-08,2000-07-19,g-exit,1900-07-19
866,2001,89,hokuriku,2001-06-05,2001-07-02,g-exit,1900-07-02
867,2002,125,hokuriku,2002-06-11,2002-07-23,g-exit,1900-07-23
868,2003,101,hokuriku,2003-06-12,2003-08-01,g-exit,1900-08-01
869,2004,86,hokuriku,2004-06-06,2004-07-22,g-exit,1900-07-22
870,2005,106,hokuriku,2005-06-27,2005-07-18,g-exit,1900-07-18
871,2006,150,hokuriku,2006-06-15,2006-07-30,g-exit,1900-07-30
872,2007,101,hokuriku,2007-06-21,2007-08-01,g-exit,1900-08-01
873,2008,67,hokuriku,2008-06-19,2008-08-06,g-exit,1900-08-06
874,2009,117,hokuriku,2009-06-03,,g-exit,
875,2010,92,hokuriku,2010-06-13,2010-07-17,g-exit,1900-07-17
876,2011,96,hokuriku,2011-06-18,2011-07-09,g-exit,1900-07-09
877,2012,84,hokuriku,2012-06-09,2012-07-26,g-exit,1900-07-26
878,2013,133,hokuriku,2013-06-18,2013-08-07,g-exit,1900-08-07
879,2014,88,hokuriku,2014-06-05,2014-07-21,g-exit,1900-07-21
880,2015,68,hokuriku,2015-06-19,2015-07-25,g-exit,1900-07-25
881,2016,91,hokuriku,2016-06-13,2016-07-19,g-exit,1900-07-19
882,2017,133,hokuriku,2017-06-25,2017-08-02,g-exit,1900-08-02
883,2018,70,hokuriku,2018-06-09,2018-07-09,g-exit,1900-07-09
884,1951,121,kanto,1951-06-15,1951-07-18,g-exit,1900-07-18
885,1952,151,kanto,1952-06-14,1952-07-16,g-exit,1900-07-16
886,1953,149,kanto,1953-06-01,1953-07-24,g-exit,1900-07-24
887,1954,135,kanto,1954-06-06,1954-07-25,g-exit,1900-07-25
888,1955,60,kanto,1955-06-13,1955-07-09,g-exit,1900-07-09
889,1956,81,kanto,1956-06-09,1956-07-26,g-exit,1900-07-26
890,1957,131,kanto,1957-06-06,1957-07-28,g-exit,1900-07-28
891,1958,99,kanto,1958-06-11,1958-07-13,g-exit,1900-07-13
892,1959,89,kanto,1959-06-10,1959-07-06,g-exit,1900-07-06
893,1960,53,kanto,1960-06-19,1960-07-18,g-exit,1900-07-18
894,1961,127,kanto,1961-06-09,1961-07-08,g-exit,1900-07-08
895,1962,116,kanto,1962-06-03,1962-07-12,g-exit,1900-07-12
896,1963,114,kanto,1963-05-06,1963-07-24,g-exit,1900-07-24
897,1964,81,kanto,1964-06-09,1964-07-22,g-exit,1900-07-22
898,1965,106,kanto,1965-06-12,1965-07-27,g-exit,1900-07-27
899,1966,145,kanto,1966-06-09,1966-07-19,g-exit,1900-07-19
900,1967,88,kanto,1967-06-22,1967-07-18,g-exit,1900-07-18
901,1968,107,kanto,1968-06-15,1968-07-19,g-exit,1900-07-19
902,1969,115,kanto,1969-06-17,1969-07-14,g-exit,1900-07-14
903,1970,113,kanto,1970-06-11,1970-07-20,g-exit,1900-07-20
904,1971,74,kanto,1971-06-03,1971-07-29,g-exit,1900-07-29
905,1972,118,kanto,1972-06-12,1972-07-19,g-exit,1900-07-19
906,1973,67,kanto,1973-06-06,1973-07-05,g-exit,1900-07-05
907,1974,139,kanto,1974-06-11,1974-07-25,g-exit,1900-07-25
908,1975,109,kanto,1975-06-05,1975-07-15,g-exit,1900-07-15
909,1976,110,kanto,1976-06-05,1976-07-22,g-exit,1900-07-22
910,1977,97,kanto,1977-06-07,1977-07-21,g-exit,1900-07-21
911,1978,77,kanto,1978-06-11,1978-07-04,g-exit,1900-07-04
912,1979,74,kanto,1979-06-07,1979-07-24,g-exit,1900-07-24
913,1980,96,kanto,1980-06-08,1980-07-21,g-exit,1900-07-21
914,1981,91,kanto,1981-06-11,1981-07-08,g-exit,1900-07-08
915,1982,102,kanto,1982-06-17,1982-08-04,g-exit,1900-08-04
916,1983,105,kanto,1983-06-12,1983-07-26,g-exit,1900-07-26
917,1984,98,kanto,1984-06-10,1984-07-22,g-exit,1900-07-22
918,1985,161,kanto,1985-06-08,1985-07-15,g-exit,1900-07-15
919,1986,70,kanto,1986-06-16,1986-07-27,g-exit,1900-07-27
920,1987,78,kanto,1987-06-09,1987-07-23,g-exit,1900-07-23
921,1988,109,kanto,1988-06-08,1988-07-31,g-exit,1900-07-31
922,1989,132,kanto,1989-06-09,1989-07-19,g-exit,1900-07-19
923,1990,51,kanto,1990-06-01,1990-07-18,g-exit,1900-07-18
924,1991,91,kanto,1991-05-31,1991-07-23,g-exit,1900-07-23
925,1992,89,kanto,1992-06-07,1992-07-19,g-exit,1900-07-19
926,1993,147,kanto,1993-05-30,,g-exit,
927,1994,55,kanto,1994-06-07,1994-07-12,g-exit,1900-07-12
928,1995,120,kanto,1995-06-03,1995-07-23,g-exit,1900-07-23
929,1996,96,kanto,1996-06-08,1996-07-11,g-exit,1900-07-11
930,1997,95,kanto,1997-06-09,1997-07-19,g-exit,1900-07-19
931,1998,103,kanto,1998-06-02,1998-08-02,g-exit,1900-08-02
932,1999,126,kanto,1999-06-17,1999-07-23,g-exit,1900-07-23
933,2000,124,kanto,2000-06-09,2000-07-16,g-exit,1900-07-16
934,2001,63,kanto,2001-06-05,2001-07-01,g-exit,1900-07-01
935,2002,112,kanto,2002-06-11,2002-07-20,g-exit,1900-07-20
936,2003,85,kanto,2003-06-10,2003-08-02,g-exit,1900-08-02
937,2004,66,kanto,2004-06-06,2004-07-13,g-exit,1900-07-13
938,2005,110,kanto,2005-06-10,2005-07-18,g-exit,1900-07-18
939,2006,120,kanto,2006-06-09,2006-07-30,g-exit,1900-07-30
940,2007,114,kanto,2007-06-22,2007-08-01,g-exit,1900-08-01
941,2008,91,kanto,2008-05-29,2008-07-19,g-exit,1900-07-19
942,2009,95,kanto,2009-06-03,2009-07-14,g-exit,1900-07-14
943,2010,101,kanto,2010-06-13,2010-07-17,g-exit,1900-07-17
944,2011,83,kanto,2011-05-27,2011-07-09,g-exit,1900-07-09
945,2012,100,kanto,2012-06-09,2012-07-25,g-exit,1900-07-25
946,2013,77,kanto,2013-06-10,2013-07-06,g-exit,1900-07-06
947,2014,116,kanto,2014-06-05,2014-07-21,g-exit,1900-07-21
948,2015,128,kanto,2015-06-03,2015-07-10,g-exit,1900-07-10
949,2016,74,kanto,2016-06-05,2016-07-29,g-exit,1900-07-29
950,2017,71,kanto,2017-06-07,2017-07-06,g-exit,1900-07-06
951,2018,92,kanto,2018-06-06,2018-06-29,g-exit,1900-06-29
952,1951,142,kinki,1951-06-07,1951-07-20,g-exit,1900-07-20
953,1952,184,kinki,1952-06-14,1952-07-15,g-exit,1900-07-15
954,1953,164,kinki,1953-05-28,1953-07-24,g-exit,1900-07-24
955,1954,191,kinki,1954-05-30,1954-07-21,g-exit,1900-07-21
956,1955,85,kinki,1955-06-15,1955-07-09,g-exit,1900-07-09
957,1956,91,kinki,1956-05-22,1956-07-12,g-exit,1900-07-12
958,1957,141,kinki,1957-06-17,1957-07-29,g-exit,1900-07-29
959,1958,80,kinki,1958-06-25,1958-07-12,g-exit,1900-07-12
960,1959,84,kinki,1959-06-05,1959-07-20,g-exit,1900-07-20
961,1960,88,kinki,1960-06-10,1960-07-11,g-exit,1900-07-11
962,1961,158,kinki,1961-06-09,1961-07-13,g-exit,1900-07-13
963,1962,153,kinki,1962-06-02,1962-07-20,g-exit,1900-07-20
964,1963,98,kinki,,1963-07-13,g-exit,1900-07-13
965,1964,87,kinki,1964-06-13,1964-07-22,g-exit,1900-07-22
966,1965,133,kinki,1965-06-12,1965-07-25,g-exit,1900-07-25
967,1966,119,kinki,1966-05-29,1966-07-13,g-exit,1900-07-13
968,1967,118,kinki,1967-06-21,1967-07-13,g-exit,1900-07-13
969,1968,114,kinki,1968-06-13,1968-07-17,g-exit,1900-07-17
970,1969,147,kinki,1969-06-17,1969-07-15,g-exit,1900-07-15
971,1970,126,kinki,1970-06-10,1970-07-18,g-exit,1900-07-18
972,1971,110,kinki,1971-06-03,1971-07-28,g-exit,1900-07-28
973,1972,157,kinki,1972-06-03,1972-07-18,g-exit,1900-07-18
974,1973,45,kinki,1973-06-05,1973-07-04,g-exit,1900-07-04
975,1974,131,kinki,1974-06-11,1974-07-20,g-exit,1900-07-20
976,1975,96,kinki,1975-06-05,1975-07-15,g-exit,1900-07-15
977,1976,87,kinki,1976-06-05,1976-07-20,g-exit,1900-07-20
978,1977,74,kinki,1977-06-07,1977-07-20,g-exit,1900-07-20
979,1978,79,kinki,1978-06-11,1978-07-03,g-exit,1900-07-03
980,1979,93,kinki,1979-06-07,1979-07-22,g-exit,1900-07-22
981,1980,121,kinki,1980-05-29,1980-07-20,g-exit,1900-07-20
982,1981,72,kinki,1981-06-11,1981-07-16,g-exit,1900-07-16
983,1982,92,kinki,1982-06-13,1982-07-27,g-exit,1900-07-27
984,1983,104,kinki,1983-06-12,1983-07-25,g-exit,1900-07-25
985,1984,122,kinki,1984-06-08,1984-07-17,g-exit,1900-07-17
986,1985,126,kinki,1985-06-07,1985-07-15,g-exit,1900-07-15
987,1986,108,kinki,1986-06-16,1986-07-27,g-exit,1900-07-27
988,1987,90,kinki,1987-06-08,1987-07-24,g-exit,1900-07-24
989,1988,152,kinki,1988-06-08,1988-07-31,g-exit,1900-07-31
990,1989,90,kinki,1989-06-08,1989-07-19,g-exit,1900-07-19
991,1990,80,kinki,1990-05-31,1990-07-18,g-exit,1900-07-18
992,1991,111,kinki,1991-05-26,1991-07-21,g-exit,1900-07-21
993,1992,75,kinki,1992-06-07,1992-07-21,g-exit,1900-07-21
994,1993,155,kinki,1993-05-30,,g-exit,
995,1994,41,kinki,1994-06-08,1994-07-10,g-exit,1900-07-10
996,1995,123,kinki,1995-06-03,1995-07-23,g-exit,1900-07-23
997,1996,92,kinki,1996-06-07,1996-07-11,g-exit,1900-07-11
998,1997,125,kinki,1997-06-02,1997-07-18,g-exit,1900-07-18
999,1998,108,kinki,1998-06-02,1998-07-31,g-exit,1900-07-31
1000,1999,128,kinki,1999-06-03,1999-07-22,g-exit,1900-07-22
1001,2000,61,kinki,2000-06-09,2000-07-18,g-exit,1900-07-18
1002,2001,74,kinki,2001-06-05,2001-07-19,g-exit,1900-07-19
1003,2002,71,kinki,2002-06-11,2002-07-20,g-exit,1900-07-20
1004,2003,106,kinki,2003-06-10,2003-08-01,g-exit,1900-08-01
1005,2004,61,kinki,2004-06-06,2004-07-13,g-exit,1900-07-13
1006,2005,76,kinki,2005-06-11,2005-07-18,g-exit,1900-07-18
1007,2006,142,kinki,2006-06-08,2006-07-27,g-exit,1900-07-27
1008,2007,111,kinki,2007-06-14,2007-07-24,g-exit,1900-07-24
1009,2008,71,kinki,2008-05-28,2008-07-12,g-exit,1900-07-12
1010,2009,95,kinki,2009-06-03,2009-08-03,g-exit,1900-08-03
1011,2010,137,kinki,2010-06-13,2010-07-17,g-exit,1900-07-17
1012,2011,95,kinki,2011-05-22,2011-07-08,g-exit,1900-07-08
1013,2012,126,kinki,2012-06-08,2012-07-16,g-exit,1900-07-16
1014,2013,81,kinki,2013-05-27,2013-07-08,g-exit,1900-07-08
1015,2014,49,kinki,2014-06-03,2014-07-20,g-exit,1900-07-20
1016,2015,144,kinki,2015-06-03,2015-07-24,g-exit,1900-07-24
1017,2016,103,kinki,2016-06-04,2016-07-18,g-exit,1900-07-18
1018,2017,81,kinki,2017-06-20,2017-07-13,g-exit,1900-07-13
1019,2018,162,kinki,2018-06-05,2018-07-09,g-exit,1900-07-09
1020,1951,114,kyusyu-n,1951-06-14,1951-07-19,g-exit,1900-07-19
1021,1952,91,kyusyu-n,1952-06-08,1952-07-15,g-exit,1900-07-15
1022,1953,185,kyusyu-n,1953-05-28,1953-07-20,g-exit,1900-07-20
1023,1954,173,kyusyu-n,1954-05-13,1954-08-01,g-exit,1900-08-01
1024,1955,96,kyusyu-n,1955-06-03,1955-07-10,g-exit,1900-07-10
1025,1956,88,kyusyu-n,1956-05-21,1956-07-22,g-exit,1900-07-22
1026,1957,154,kyusyu-n,1957-06-05,1957-07-29,g-exit,1900-07-29
1027,1958,32,kyusyu-n,1958-06-06,1958-07-11,g-exit,1900-07-11
1028,1959,92,kyusyu-n,1959-06-04,1959-07-21,g-exit,1900-07-21
1029,1960,57,kyusyu-n,1960-05-24,1960-07-11,g-exit,1900-07-11
1030,1961,50,kyusyu-n,1961-06-08,1961-07-10,g-exit,1900-07-10
1031,1962,136,kyusyu-n,1962-06-08,1962-07-22,g-exit,1900-07-22
1032,1963,99,kyusyu-n,1963-05-30,1963-07-13,g-exit,1900-07-13
1033,1964,66,kyusyu-n,1964-06-10,1964-07-20,g-exit,1900-07-20
1034,1965,116,kyusyu-n,1965-06-11,1965-07-24,g-exit,1900-07-24
1035,1966,65,kyusyu-n,1966-06-14,1966-07-14,g-exit,1900-07-14
1036,1967,69,kyusyu-n,1967-06-22,1967-07-16,g-exit,1900-07-16
1037,1968,92,kyusyu-n,1968-06-12,1968-07-17,g-exit,1900-07-17
1038,1969,117,kyusyu-n,1969-06-17,1969-07-15,g-exit,1900-07-15
1039,1970,89,kyusyu-n,1970-06-10,1970-07-21,g-exit,1900-07-21
1040,1971,99,kyusyu-n,1971-06-02,1971-07-27,g-exit,1900-07-27
1041,1972,160,kyusyu-n,1972-06-03,1972-07-15,g-exit,1900-07-15
1042,1973,65,kyusyu-n,1973-06-05,1973-07-06,g-exit,1900-07-06
1043,1974,87,kyusyu-n,1974-06-10,1974-07-19,g-exit,1900-07-19
1044,1975,91,kyusyu-n,1975-06-04,1975-07-18,g-exit,1900-07-18
1045,1976,79,kyusyu-n,1976-06-04,1976-07-22,g-exit,1900-07-22
1046,1977,75,kyusyu-n,1977-06-07,1977-07-20,g-exit,1900-07-20
1047,1978,65,kyusyu-n,1978-06-10,1978-07-03,g-exit,1900-07-03
1048,1979,123,kyusyu-n,1979-06-06,1979-07-25,g-exit,1900-07-25
1049,1980,142,kyusyu-n,1980-06-08,1980-07-19,g-exit,1900-07-19
1050,1981,91,kyusyu-n,1981-06-10,1981-07-14,g-exit,1900-07-14
1051,1982,121,kyusyu-n,1982-06-13,1982-07-27,g-exit,1900-07-27
1052,1983,92,kyusyu-n,1983-06-12,1983-07-23,g-exit,1900-07-23
1053,1984,73,kyusyu-n,1984-06-07,1984-07-14,g-exit,1900-07-14
1054,1985,144,kyusyu-n,1985-06-07,1985-07-15,g-exit,1900-07-15
1055,1986,119,kyusyu-n,1986-06-13,1986-07-26,g-exit,1900-07-26
1056,1987,125,kyusyu-n,1987-06-08,1987-07-26,g-exit,1900-07-26
1057,1988,92,kyusyu-n,1988-06-07,1988-07-06,g-exit,1900-07-06
1058,1989,73,kyusyu-n,1989-06-05,1989-07-19,g-exit,1900-07-19
1059,1990,94,kyusyu-n,1990-05-30,1990-07-18,g-exit,1900-07-18
1060,1991,135,kyusyu-n,1991-05-19,1991-07-19,g-exit,1900-07-19
1061,1992,56,kyusyu-n,1992-06-05,1992-07-20,g-exit,1900-07-20
1062,1993,158,kyusyu-n,1993-05-29,,g-exit,
1063,1994,44,kyusyu-n,1994-06-07,1994-07-01,g-exit,1900-07-01
1064,1995,108,kyusyu-n,1995-06-08,1995-07-08,g-exit,1900-07-08
1065,1996,95,kyusyu-n,1996-06-07,1996-07-13,g-exit,1900-07-13
1066,1997,128,kyusyu-n,1997-06-08,1997-07-19,g-exit,1900-07-19
1067,1998,103,kyusyu-n,1998-06-01,1998-08-03,g-exit,1900-08-03
1068,1999,126,kyusyu-n,1999-06-02,1999-07-22,g-exit,1900-07-22
1069,2000,73,kyusyu-n,2000-05-26,2000-07-17,g-exit,1900-07-17
1070,2001,110,kyusyu-n,2001-05-21,2001-07-19,g-exit,1900-07-19
1071,2002,57,kyusyu-n,2002-06-10,2002-07-21,g-exit,1900-07-21
1072,2003,120,kyusyu-n,2003-06-09,2003-07-31,g-exit,1900-07-31
1073,2004,47,kyusyu-n,2004-05-29,2004-07-11,g-exit,1900-07-11
1074,2005,70,kyusyu-n,2005-06-10,2005-07-17,g-exit,1900-07-17
1075,2006,141,kyusyu-n,2006-06-08,2006-07-26,g-exit,1900-07-26
1076,2007,87,kyusyu-n,2007-06-13,2007-07-23,g-exit,1900-07-23
1077,2008,84,kyusyu-n,2008-05-28,2008-07-06,g-exit,1900-07-06
1078,2009,121,kyusyu-n,2009-06-03,2009-08-04,g-exit,1900-08-04
1079,2010,111,kyusyu-n,2010-06-12,2010-07-17,g-exit,1900-07-17
1080,2011,119,kyusyu-n,2011-05-21,2011-07-08,g-exit,1900-07-08
1081,2012,138,kyusyu-n,2012-05-30,2012-07-23,g-exit,1900-07-23
1082,2013,72,kyusyu-n,2013-05-27,2013-07-08,g-exit,1900-07-08
1083,2014,87,kyusyu-n,2014-06-02,2014-07-20,g-exit,1900-07-20
1084,2015,102,kyusyu-n,2015-06-02,2015-07-29,g-exit,1900-07-29
1085,2016,117,kyusyu-n,2016-06-04,2016-07-18,g-exit,1900-07-18
1086,2017,67,kyusyu-n,2017-06-20,2017-07-13,g-exit,1900-07-13
1087,2018,110,kyusyu-n,2018-06-05,2018-07-09,g-exit,1900-07-09
1088,1951,132,kyusyu-s,1951-05-26,1951-07-21,g-exit,1900-07-21
1089,1952,132,kyusyu-s,1952-06-14,1952-07-16,g-exit,1900-07-16
1090,1953,118,kyusyu-s,1953-05-22,1953-07-22,g-exit,1900-07-22
1091,1954,178,kyusyu-s,1954-05-13,1954-08-01,g-exit,1900-08-01
1092,1955,130,kyusyu-s,1955-05-28,1955-06-24,g-exit,1900-06-24
1093,1956,86,kyusyu-s,1956-05-01,1956-07-13,g-exit,1900-07-13
1094,1957,92,kyusyu-s,1957-06-21,1957-08-08,g-exit,1900-08-08
1095,1958,40,kyusyu-s,1958-06-06,1958-07-09,g-exit,1900-07-09
1096,1959,102,kyusyu-s,1959-06-04,1959-07-21,g-exit,1900-07-21
1097,1960,59,kyusyu-s,1960-05-24,1960-07-10,g-exit,1900-07-10
1098,1961,67,kyusyu-s,1961-06-02,1961-07-10,g-exit,1900-07-10
1099,1962,119,kyusyu-s,1962-06-02,1962-07-20,g-exit,1900-07-20
1100,1963,58,kyusyu-s,1963-05-28,1963-07-12,g-exit,1900-07-12
1101,1964,84,kyusyu-s,1964-06-10,1964-07-01,g-exit,1900-07-01
1102,1965,79,kyusyu-s,1965-06-09,1965-07-07,g-exit,1900-07-07
1103,1966,87,kyusyu-s,1966-05-31,1966-07-14,g-exit,1900-07-14
1104,1967,76,kyusyu-s,1967-06-18,1967-07-14,g-exit,1900-07-14
1105,1968,129,kyusyu-s,1968-06-12,1968-07-16,g-exit,1900-07-16
1106,1969,107,kyusyu-s,1969-06-17,1969-07-15,g-exit,1900-07-15
1107,1970,106,kyusyu-s,1970-06-10,1970-07-15,g-exit,1900-07-15
1108,1971,106,kyusyu-s,1971-05-22,1971-07-25,g-exit,1900-07-25
1109,1972,133,kyusyu-s,1972-06-02,1972-07-15,g-exit,1900-07-15
1110,1973,81,kyusyu-s,1973-05-26,1973-07-05,g-exit,1900-07-05
1111,1974,63,kyusyu-s,1974-05-14,1974-07-18,g-exit,1900-07-18
1112,1975,93,kyusyu-s,1975-06-04,1975-07-14,g-exit,1900-07-14
1113,1976,114,kyusyu-s,1976-05-19,1976-07-16,g-exit,1900-07-16
1114,1977,83,kyusyu-s,1977-05-26,1977-07-04,g-exit,1900-07-04
1115,1978,70,kyusyu-s,1978-06-03,1978-07-03,g-exit,1900-07-03
1116,1979,110,kyusyu-s,1979-06-06,1979-07-22,g-exit,1900-07-22
1117,1980,100,kyusyu-s,1980-05-30,1980-07-18,g-exit,1900-07-18
1118,1981,44,kyusyu-s,1981-05-27,1981-07-11,g-exit,1900-07-11
1119,1982,94,kyusyu-s,1982-05-29,1982-07-27,g-exit,1900-07-27
1120,1983,96,kyusyu-s,1983-06-03,1983-07-21,g-exit,1900-07-21
1121,1984,84,kyusyu-s,1984-05-31,1984-07-03,g-exit,1900-07-03
1122,1985,90,kyusyu-s,1985-05-29,1985-07-06,g-exit,1900-07-06
1123,1986,67,kyusyu-s,1986-06-05,1986-07-19,g-exit,1900-07-19
1124,1987,88,kyusyu-s,1987-06-02,1987-07-25,g-exit,1900-07-25
1125,1988,98,kyusyu-s,1988-06-01,1988-07-05,g-exit,1900-07-05
1126,1989,103,kyusyu-s,1989-06-05,1989-07-14,g-exit,1900-07-14
1127,1990,86,kyusyu-s,1990-05-30,1990-07-07,g-exit,1900-07-07
1128,1991,89,kyusyu-s,1991-05-19,1991-07-09,g-exit,1900-07-09
1129,1992,110,kyusyu-s,1992-06-05,1992-07-20,g-exit,1900-07-20
1130,1993,216,kyusyu-s,1993-05-17,,g-exit,
1131,1994,73,kyusyu-s,1994-05-25,1994-07-01,g-exit,1900-07-01
1132,1995,126,kyusyu-s,1995-05-25,1995-07-07,g-exit,1900-07-07
1133,1996,105,kyusyu-s,1996-05-27,1996-07-13,g-exit,1900-07-13
1134,1997,84,kyusyu-s,1997-06-02,1997-07-20,g-exit,1900-07-20
1135,1998,110,kyusyu-s,1998-05-28,1998-07-01,g-exit,1900-07-01
1136,1999,131,kyusyu-s,1999-06-02,1999-07-23,g-exit,1900-07-23
1137,2000,118,kyusyu-s,2000-05-26,2000-07-15,g-exit,1900-07-15
1138,2001,83,kyusyu-s,2001-05-21,2001-07-20,g-exit,1900-07-20
1139,2002,113,kyusyu-s,2002-06-10,2002-07-21,g-exit,1900-07-21
1140,2003,104,kyusyu-s,2003-06-09,2003-07-22,g-exit,1900-07-22
1141,2004,51,kyusyu-s,2004-05-29,2004-07-11,g-exit,1900-07-11
1142,2005,77,kyusyu-s,2005-06-11,2005-07-15,g-exit,1900-07-15
1143,2006,116,kyusyu-s,2006-05-26,2006-07-25,g-exit,1900-07-25
1144,2007,139,kyusyu-s,2007-06-01,2007-07-18,g-exit,1900-07-18
1145,2008,92,kyusyu-s,2008-05-28,2008-07-06,g-exit,1900-07-06
1146,2009,51,kyusyu-s,2009-06-02,2009-07-12,g-exit,1900-07-12
1147,2010,163,kyusyu-s,2010-06-12,2010-07-20,g-exit,1900-07-20
1148,2011,135,kyusyu-s,2011-05-23,2011-07-08,g-exit,1900-07-08
1149,2012,168,kyusyu-s,2012-05-30,2012-07-23,g-exit,1900-07-23
1150,2013,77,kyusyu-s,2013-05-27,2013-07-08,g-exit,1900-07-08
1151,2014,135,kyusyu-s,2014-06-02,2014-07-16,g-exit,1900-07-16
1152,2015,209,kyusyu-s,2015-06-02,2015-07-14,g-exit,1900-07-14
1153,2016,147,kyusyu-s,2016-05-24,2016-07-18,g-exit,1900-07-18
1154,2017,91,kyusyu-s,2017-06-06,2017-07-13,g-exit,1900-07-13
1155,2018,128,kyusyu-s,2018-06-05,2018-07-09,g-exit,1900-07-09
1156,1951,141,okinawa,1951-05-14,1951-06-18,g-exit,1900-06-18
1157,1952,140,okinawa,1952-05-11,1952-06-24,g-exit,1900-06-24
1158,1953,136,okinawa,1953-05-11,1953-06-14,g-exit,1900-06-14
1159,1954,110,okinawa,1954-05-07,1954-07-01,g-exit,1900-07-01
1160,1955,104,okinawa,1955-05-06,1955-06-17,g-exit,1900-06-17
1161,1956,158,okinawa,1956-04-28,1956-06-16,g-exit,1900-06-16
1162,1957,198,okinawa,1957-05-12,1957-06-19,g-exit,1900-06-19
1163,1958,86,okinawa,1958-05-03,1958-06-25,g-exit,1900-06-25
1164,1959,101,okinawa,1959-05-16,1959-06-30,g-exit,1900-06-30
1165,1960,92,okinawa,1960-05-15,1960-06-20,g-exit,1900-06-20
1166,1961,84,okinawa,1961-05-07,1961-06-16,g-exit,1900-06-16
1167,1962,94,okinawa,1962-05-03,1962-07-02,g-exit,1900-07-02
1168,1963,46,okinawa,1963-06-04,1963-06-15,g-exit,1900-06-15
1169,1964,134,okinawa,1964-05-05,1964-06-25,g-exit,1900-06-25
1170,1965,187,okinawa,1965-05-06,1965-06-29,g-exit,1900-06-29
1171,1966,187,okinawa,1966-05-11,1966-06-14,g-exit,1900-06-14
1172,1967,122,okinawa,1967-05-20,1967-06-19,g-exit,1900-06-19
1173,1968,78,okinawa,1968-05-20,1968-06-25,g-exit,1900-06-25
1174,1969,157,okinawa,1969-05-08,1969-06-29,g-exit,1900-06-29
1175,1970,114,okinawa,1970-05-13,1970-06-18,g-exit,1900-06-18
1176,1971,38,okinawa,1971-05-20,1971-06-10,g-exit,1900-06-10
1177,1972,136,okinawa,1972-05-11,1972-06-20,g-exit,1900-06-20
1178,1973,87,okinawa,1973-05-09,1973-06-18,g-exit,1900-06-18
1179,1974,138,okinawa,1974-05-05,1974-06-30,g-exit,1900-06-30
1180,1975,130,okinawa,1975-05-08,1975-07-06,g-exit,1900-07-06
1181,1976,86,okinawa,1976-05-26,1976-07-09,g-exit,1900-07-09
1182,1977,93,okinawa,1977-05-09,1977-06-28,g-exit,1900-06-28
1183,1978,111,okinawa,1978-05-10,1978-06-15,g-exit,1900-06-15
1184,1979,131,okinawa,1979-05-10,1979-06-19,g-exit,1900-06-19
1185,1980,63,okinawa,1980-04-20,1980-06-10,g-exit,1900-06-10
1186,1981,75,okinawa,1981-05-06,1981-06-17,g-exit,1900-06-17
1187,1982,102,okinawa,1982-05-07,1982-07-06,g-exit,1900-07-06
1188,1983,94,okinawa,1983-05-09,1983-06-20,g-exit,1900-06-20
1189,1984,73,okinawa,1984-05-14,1984-06-18,g-exit,1900-06-18
1190,1985,77,okinawa,1985-05-15,1985-06-21,g-exit,1900-06-21
1191,1986,71,okinawa,1986-05-07,1986-06-21,g-exit,1900-06-21
1192,1987,141,okinawa,1987-05-13,1987-06-26,g-exit,1900-06-26
1193,1988,119,okinawa,1988-05-10,1988-06-28,g-exit,1900-06-28
1194,1989,114,okinawa,1989-05-09,1989-06-24,g-exit,1900-06-24
1195,1990,135,okinawa,1990-05-09,1990-06-19,g-exit,1900-06-19
1196,1991,43,okinawa,1991-05-06,1991-06-26,g-exit,1900-06-26
1197,1992,119,okinawa,1992-05-08,1992-06-26,g-exit,1900-06-26
1198,1993,63,okinawa,1993-05-03,1993-06-25,g-exit,1900-06-25
1199,1994,105,okinawa,1994-05-03,1994-06-23,g-exit,1900-06-23
1200,1995,119,okinawa,1995-05-04,1995-07-01,g-exit,1900-07-01
1201,1996,110,okinawa,1996-04-29,1996-06-10,g-exit,1900-06-10
1202,1997,90,okinawa,1997-05-01,1997-06-20,g-exit,1900-06-20
1203,1998,178,okinawa,1998-04-25,1998-06-18,g-exit,1900-06-18
1204,1999,75,okinawa,1999-05-09,1999-06-23,g-exit,1900-06-23
1205,2000,57,okinawa,2000-05-17,2000-06-20,g-exit,1900-06-20
1206,2001,142,okinawa,2001-05-06,2001-06-21,g-exit,1900-06-21
1207,2002,61,okinawa,2002-05-11,2002-06-21,g-exit,1900-06-21
1208,2003,74,okinawa,2003-05-15,2003-06-20,g-exit,1900-06-20
1209,2004,93,okinawa,2004-05-05,2004-06-23,g-exit,1900-06-23
1210,2005,167,okinawa,2005-05-02,2005-06-27,g-exit,1900-06-27
1211,2006,133,okinawa,2006-05-14,2006-06-20,g-exit,1900-06-20
1212,2007,103,okinawa,2007-05-16,2007-06-21,g-exit,1900-06-21
1213,2008,81,okinawa,2008-05-22,2008-06-17,g-exit,1900-06-17
1214,2009,92,okinawa,2009-05-18,2009-07-06,g-exit,1900-07-06
1215,2010,95,okinawa,2010-05-06,2010-06-19,g-exit,1900-06-19
1216,2011,138,okinawa,2011-04-30,2011-06-09,g-exit,1900-06-09
1217,2012,115,okinawa,2012-05-13,2012-06-23,g-exit,1900-06-23
1218,2013,93,okinawa,2013-05-10,2013-06-11,g-exit,1900-06-11
1219,2014,126,okinawa,2014-05-05,2014-06-26,g-exit,1900-06-26
1220,2015,73,okinawa,2015-05-20,2015-06-08,g-exit,1900-06-08
1221,2016,84,okinawa,2016-05-16,2016-06-16,g-exit,1900-06-16
1222,2017,105,okinawa,2017-05-13,2017-06-22,g-exit,1900-06-22
1223,2018,71,okinawa,2018-06-01,2018-06-23,g-exit,1900-06-23
1224,1951,137,sikoku,1951-05-26,1951-07-22,g-exit,1900-07-22
1225,1952,143,sikoku,1952-06-08,1952-07-21,g-exit,1900-07-21
1226,1953,148,sikoku,1953-05-28,1953-07-23,g-exit,1900-07-23
1227,1954,204,sikoku,1954-06-05,1954-08-02,g-exit,1900-08-02
1228,1955,105,sikoku,1955-05-28,1955-07-10,g-exit,1900-07-10
1229,1956,73,sikoku,1956-05-22,1956-07-10,g-exit,1900-07-10
1230,1957,103,sikoku,1957-06-05,1957-07-29,g-exit,1900-07-29
1231,1958,65,sikoku,1958-06-06,1958-07-10,g-exit,1900-07-10
1232,1959,71,sikoku,1959-06-05,1959-07-20,g-exit,1900-07-20
1233,1960,86,sikoku,1960-06-10,1960-07-09,g-exit,1900-07-09
1234,1961,108,sikoku,1961-06-08,1961-07-07,g-exit,1900-07-07
1235,1962,136,sikoku,1962-06-02,1962-07-19,g-exit,1900-07-19
1236,1963,103,sikoku,,1963-07-13,g-exit,1900-07-13
1237,1964,77,sikoku,1964-06-11,1964-07-01,g-exit,1900-07-01
1238,1965,111,sikoku,1965-06-11,1965-07-24,g-exit,1900-07-24
1239,1966,114,sikoku,1966-05-31,1966-07-13,g-exit,1900-07-13
1240,1967,81,sikoku,1967-06-21,1967-07-13,g-exit,1900-07-13
1241,1968,103,sikoku,1968-06-12,1968-07-17,g-exit,1900-07-17
1242,1969,127,sikoku,1969-06-17,1969-07-14,g-exit,1900-07-14
1243,1970,123,sikoku,1970-06-10,1970-07-14,g-exit,1900-07-14
1244,1971,93,sikoku,1971-06-03,1971-07-27,g-exit,1900-07-27
1245,1972,146,sikoku,1972-06-03,1972-07-18,g-exit,1900-07-18
1246,1973,62,sikoku,1973-06-05,1973-07-03,g-exit,1900-07-03
1247,1974,119,sikoku,1974-06-10,1974-07-19,g-exit,1900-07-19
1248,1975,96,sikoku,1975-06-04,1975-07-15,g-exit,1900-07-15
1249,1976,91,sikoku,1976-05-19,1976-07-22,g-exit,1900-07-22
1250,1977,88,sikoku,1977-06-07,1977-07-12,g-exit,1900-07-12
1251,1978,80,sikoku,1978-06-11,1978-07-03,g-exit,1900-07-03
1252,1979,105,sikoku,1979-06-06,1979-07-22,g-exit,1900-07-22
1253,1980,114,sikoku,1980-05-30,1980-07-19,g-exit,1900-07-19
1254,1981,86,sikoku,1981-06-10,1981-07-16,g-exit,1900-07-16
1255,1982,120,sikoku,1982-05-29,1982-07-27,g-exit,1900-07-27
1256,1983,76,sikoku,1983-06-12,1983-07-24,g-exit,1900-07-24
1257,1984,108,sikoku,1984-06-08,1984-07-14,g-exit,1900-07-14
1258,1985,101,sikoku,1985-06-07,1985-07-07,g-exit,1900-07-07
1259,1986,73,sikoku,1986-06-06,1986-07-18,g-exit,1900-07-18
1260,1987,114,sikoku,1987-06-08,1987-07-25,g-exit,1900-07-25
1261,1988,146,sikoku,1988-06-01,1988-07-31,g-exit,1900-07-31
1262,1989,91,sikoku,1989-06-08,1989-07-18,g-exit,1900-07-18
1263,1990,82,sikoku,1990-05-31,1990-07-17,g-exit,1900-07-17
1264,1991,106,sikoku,1991-05-19,1991-07-19,g-exit,1900-07-19
1265,1992,68,sikoku,1992-06-07,1992-07-21,g-exit,1900-07-21
1266,1993,194,sikoku,1993-05-29,,g-exit,
1267,1994,61,sikoku,1994-06-07,1994-07-02,g-exit,1900-07-02
1268,1995,105,sikoku,1995-06-08,1995-07-08,g-exit,1900-07-08
1269,1996,94,sikoku,1996-06-07,1996-07-11,g-exit,1900-07-11
1270,1997,99,sikoku,1997-06-02,1997-07-18,g-exit,1900-07-18
1271,1998,117,sikoku,1998-06-02,1998-07-03,g-exit,1900-07-03
1272,1999,136,sikoku,1999-06-02,1999-07-22,g-exit,1900-07-22
1273,2000,74,sikoku,2000-06-03,2000-07-18,g-exit,1900-07-18
1274,2001,89,sikoku,2001-05-21,2001-07-19,g-exit,1900-07-19
1275,2002,79,sikoku,2002-06-11,2002-07-20,g-exit,1900-07-20
1276,2003,96,sikoku,2003-06-10,2003-07-31,g-exit,1900-07-31
1277,2004,79,sikoku,2004-05-29,2004-07-13,g-exit,1900-07-13
1278,2005,76,sikoku,2005-06-11,2005-07-16,g-exit,1900-07-16
1279,2006,119,sikoku,2006-06-08,2006-07-26,g-exit,1900-07-26
1280,2007,128,sikoku,2007-06-13,2007-07-23,g-exit,1900-07-23
1281,2008,73,sikoku,2008-05-28,2008-07-06,g-exit,1900-07-06
1282,2009,88,sikoku,2009-06-03,2009-07-30,g-exit,1900-07-30
1283,2010,123,sikoku,2010-06-13,2010-07-17,g-exit,1900-07-17
1284,2011,146,sikoku,2011-05-21,2011-07-08,g-exit,1900-07-08
1285,2012,141,sikoku,2012-06-02,2012-07-17,g-exit,1900-07-17
1286,2013,89,sikoku,2013-05-27,2013-07-08,g-exit,1900-07-08
1287,2014,89,sikoku,2014-06-02,2014-07-20,g-exit,1900-07-20
1288,2015,142,sikoku,2015-06-02,2015-07-24,g-exit,1900-07-24
1289,2016,132,sikoku,2016-06-04,2016-07-18,g-exit,1900-07-18
1290,2017,81,sikoku,2017-06-20,2017-07-13,g-exit,1900-07-13
1291,2018,156,sikoku,2018-06-05,2018-07-09,g-exit,1900-07-09
1292,1951,93,tohoku-n,1951-06-10,1951-07-23,g-exit,1900-07-23
1293,1952,94,tohoku-n,1952-06-30,1952-07-20,g-exit,1900-07-20
1294,1953,101,tohoku-n,1953-06-05,1953-07-28,g-exit,1900-07-28
1295,1954,106,tohoku-n,1954-06-11,1954-08-01,g-exit,1900-08-01
1296,1955,104,tohoku-n,1955-06-15,1955-07-09,g-exit,1900-07-09
1297,1956,119,tohoku-n,1956-06-20,1956-07-25,g-exit,1900-07-25
1298,1957,88,tohoku-n,1957-06-18,1957-08-10,g-exit,1900-08-10
1299,1958,114,tohoku-n,1958-06-11,1958-08-01,g-exit,1900-08-01
1300,1959,121,tohoku-n,1959-06-07,1959-07-25,g-exit,1900-07-25
1301,1960,75,tohoku-n,1960-06-27,1960-07-18,g-exit,1900-07-18
1302,1961,118,tohoku-n,1961-06-24,1961-07-28,g-exit,1900-07-28
1303,1962,59,tohoku-n,1962-06-03,1962-07-25,g-exit,1900-07-25
1304,1963,109,tohoku-n,1963-06-19,1963-07-27,g-exit,1900-07-27
1305,1964,99,tohoku-n,1964-06-08,1964-07-25,g-exit,1900-07-25
1306,1965,113,tohoku-n,1965-06-18,1965-08-06,g-exit,1900-08-06
1307,1966,169,tohoku-n,1966-06-16,1966-08-07,g-exit,1900-08-07
1308,1967,78,tohoku-n,1967-07-03,1967-07-18,g-exit,1900-07-18
1309,1968,64,tohoku-n,1968-06-20,1968-07-23,g-exit,1900-07-23
1310,1969,82,tohoku-n,1969-06-22,1969-07-14,g-exit,1900-07-14
1311,1970,62,tohoku-n,1970-06-18,1970-07-20,g-exit,1900-07-20
1312,1971,104,tohoku-n,1971-06-11,1971-07-30,g-exit,1900-07-30
1313,1972,101,tohoku-n,1972-06-20,1972-08-06,g-exit,1900-08-06
1314,1973,31,tohoku-n,1973-06-07,1973-07-13,g-exit,1900-07-13
1315,1974,130,tohoku-n,1974-06-06,1974-08-03,g-exit,1900-08-03
1316,1975,106,tohoku-n,1975-06-12,1975-07-19,g-exit,1900-07-19
1317,1976,55,tohoku-n,1976-06-08,1976-07-23,g-exit,1900-07-23
1318,1977,75,tohoku-n,1977-06-11,1977-07-22,g-exit,1900-07-22
1319,1978,79,tohoku-n,1978-06-11,1978-07-08,g-exit,1900-07-08
1320,1979,119,tohoku-n,1979-06-08,1979-08-08,g-exit,1900-08-08
1321,1980,106,tohoku-n,1980-06-09,1980-08-03,g-exit,1900-08-03
1322,1981,129,tohoku-n,1981-06-11,1981-07-17,g-exit,1900-07-17
1323,1982,64,tohoku-n,1982-06-24,1982-08-07,g-exit,1900-08-07
1324,1983,126,tohoku-n,1983-06-13,1983-07-29,g-exit,1900-07-29
1325,1984,92,tohoku-n,1984-06-10,1984-07-22,g-exit,1900-07-22
1326,1985,92,tohoku-n,1985-06-08,1985-07-19,g-exit,1900-07-19
1327,1986,97,tohoku-n,1986-06-17,1986-07-28,g-exit,1900-07-28
1328,1987,106,tohoku-n,1987-06-27,1987-08-09,g-exit,1900-08-09
1329,1988,84,tohoku-n,1988-06-09,1988-07-31,g-exit,1900-07-31
1330,1989,48,tohoku-n,1989-06-15,1989-07-21,g-exit,1900-07-21
1331,1990,120,tohoku-n,1990-06-15,1990-07-27,g-exit,1900-07-27
1332,1991,137,tohoku-n,1991-06-10,1991-08-14,g-exit,1900-08-14
1333,1992,73,tohoku-n,1992-06-08,1992-07-29,g-exit,1900-07-29
1334,1993,136,tohoku-n,1993-06-03,,g-exit,
1335,1994,58,tohoku-n,1994-06-19,1994-07-13,g-exit,1900-07-13
1336,1995,70,tohoku-n,1995-06-14,1995-07-23,g-exit,1900-07-23
1337,1996,107,tohoku-n,1996-06-11,1996-08-06,g-exit,1900-08-06
1338,1997,76,tohoku-n,1997-06-02,1997-07-17,g-exit,1900-07-17
1339,1998,114,tohoku-n,1998-06-03,,g-exit,
1340,1999,116,tohoku-n,1999-06-16,1999-07-26,g-exit,1900-07-26
1341,2000,103,tohoku-n,2000-06-23,2000-07-27,g-exit,1900-07-27
1342,2001,111,tohoku-n,2001-06-06,,g-exit,
1343,2002,134,tohoku-n,2002-06-11,2002-07-25,g-exit,1900-07-25
1344,2003,110,tohoku-n,2003-06-12,,g-exit,
1345,2004,87,tohoku-n,2004-06-19,2004-07-22,g-exit,1900-07-22
1346,2005,100,tohoku-n,2005-06-25,2005-08-04,g-exit,1900-08-04
1347,2006,80,tohoku-n,2006-06-15,2006-08-02,g-exit,1900-08-02
1348,2007,73,tohoku-n,2007-06-29,2007-08-11,g-exit,1900-08-11
1349,2008,98,tohoku-n,2008-06-23,2008-08-05,g-exit,1900-08-05
1350,2009,148,tohoku-n,2009-06-04,,g-exit,
1351,2010,113,tohoku-n,2010-06-16,2010-07-18,g-exit,1900-07-18
1352,2011,70,tohoku-n,2011-06-21,2011-07-09,g-exit,1900-07-09
1353,2012,86,tohoku-n,2012-06-09,2012-07-26,g-exit,1900-07-26
1354,2013,110,tohoku-n,2013-06-15,2013-08-10,g-exit,1900-08-10
1355,2014,109,tohoku-n,2014-06-06,2014-07-25,g-exit,1900-07-25
1356,2015,87,tohoku-n,2015-06-26,2015-07-29,g-exit,1900-07-29
1357,2016,91,tohoku-n,2016-06-13,2016-07-29,g-exit,1900-07-29
1358,2017,118,tohoku-n,2017-07-01,,g-exit,
1359,2018,99,tohoku-n,2018-06-11,2018-07-19,g-exit,1900-07-19
1360,1951,74,tohoku-s,1951-06-04,1951-07-18,g-exit,1900-07-18
1361,1952,118,tohoku-s,1952-06-23,1952-07-20,g-exit,1900-07-20
1362,1953,101,tohoku-s,1953-06-05,1953-07-26,g-exit,1900-07-26
1363,1954,137,tohoku-s,1954-06-06,1954-07-23,g-exit,1900-07-23
1364,1955,75,tohoku-s,1955-06-15,1955-07-08,g-exit,1900-07-08
1365,1956,141,tohoku-s,1956-06-20,1956-07-24,g-exit,1900-07-24
1366,1957,114,tohoku-s,1957-06-18,1957-07-29,g-exit,1900-07-29
1367,1958,137,tohoku-s,1958-06-08,1958-07-14,g-exit,1900-07-14
1368,1959,123,tohoku-s,1959-06-01,1959-07-25,g-exit,1900-07-25
1369,1960,64,tohoku-s,1960-06-21,1960-07-17,g-exit,1900-07-17
1370,1961,117,tohoku-s,1961-06-21,1961-07-20,g-exit,1900-07-20
1371,1962,97,tohoku-s,1962-06-03,1962-07-22,g-exit,1900-07-22
1372,1963,111,tohoku-s,1963-06-03,1963-07-26,g-exit,1900-07-26
1373,1964,101,tohoku-s,1964-06-08,1964-07-22,g-exit,1900-07-22
1374,1965,123,tohoku-s,1965-06-14,1965-07-24,g-exit,1900-07-24
1375,1966,135,tohoku-s,1966-06-04,1966-07-25,g-exit,1900-07-25
1376,1967,92,tohoku-s,1967-06-26,1967-07-15,g-exit,1900-07-15
1377,1968,80,tohoku-s,1968-06-16,1968-07-19,g-exit,1900-07-19
1378,1969,90,tohoku-s,1969-06-17,1969-07-14,g-exit,1900-07-14
1379,1970,45,tohoku-s,1970-06-15,1970-07-20,g-exit,1900-07-20
1380,1971,117,tohoku-s,1971-06-03,1971-07-29,g-exit,1900-07-29
1381,1972,75,tohoku-s,1972-06-12,1972-07-30,g-exit,1900-07-30
1382,1973,44,tohoku-s,1973-06-06,1973-07-13,g-exit,1900-07-13
1383,1974,123,tohoku-s,1974-06-04,1974-07-26,g-exit,1900-07-26
1384,1975,70,tohoku-s,1975-06-05,1975-07-16,g-exit,1900-07-16
1385,1976,79,tohoku-s,1976-06-05,1976-07-22,g-exit,1900-07-22
1386,1977,66,tohoku-s,1977-06-11,1977-07-22,g-exit,1900-07-22
1387,1978,83,tohoku-s,1978-06-11,1978-07-05,g-exit,1900-07-05
1388,1979,104,tohoku-s,1979-06-08,1979-07-30,g-exit,1900-07-30
1389,1980,137,tohoku-s,1980-06-08,1980-07-22,g-exit,1900-07-22
1390,1981,102,tohoku-s,1981-06-11,1981-07-16,g-exit,1900-07-16
1391,1982,84,tohoku-s,1982-06-23,1982-08-07,g-exit,1900-08-07
1392,1983,118,tohoku-s,1983-06-13,1983-07-27,g-exit,1900-07-27
1393,1984,68,tohoku-s,1984-06-10,1984-07-22,g-exit,1900-07-22
1394,1985,99,tohoku-s,1985-06-08,1985-07-16,g-exit,1900-07-16
1395,1986,89,tohoku-s,1986-06-17,1986-07-28,g-exit,1900-07-28
1396,1987,72,tohoku-s,1987-06-25,1987-08-09,g-exit,1900-08-09
1397,1988,100,tohoku-s,1988-06-09,1988-07-31,g-exit,1900-07-31
1398,1989,55,tohoku-s,1989-06-15,1989-07-21,g-exit,1900-07-21
1399,1990,89,tohoku-s,1990-06-15,1990-07-20,g-exit,1900-07-20
1400,1991,141,tohoku-s,1991-06-10,1991-07-27,g-exit,1900-07-27
1401,1992,92,tohoku-s,1992-06-08,1992-07-24,g-exit,1900-07-24
1402,1993,123,tohoku-s,1993-06-03,,g-exit,
1403,1994,50,tohoku-s,1994-06-19,1994-07-12,g-exit,1900-07-12
1404,1995,106,tohoku-s,1995-06-03,1995-07-23,g-exit,1900-07-23
1405,1996,87,tohoku-s,1996-06-10,1996-07-24,g-exit,1900-07-24
1406,1997,113,tohoku-s,1997-06-02,1997-07-18,g-exit,1900-07-18
1407,1998,96,tohoku-s,1998-06-03,,g-exit,
1408,1999,132,tohoku-s,1999-06-16,1999-07-24,g-exit,1900-07-24
1409,2000,105,tohoku-s,2000-06-09,2000-07-19,g-exit,1900-07-19
1410,2001,98,tohoku-s,2001-06-06,2001-07-07,g-exit,1900-07-07
1411,2002,130,tohoku-s,2002-06-11,2002-07-23,g-exit,1900-07-23
1412,2003,111,tohoku-s,2003-06-12,,g-exit,
1413,2004,114,tohoku-s,2004-06-07,2004-07-22,g-exit,1900-07-22
1414,2005,87,tohoku-s,2005-06-15,2005-08-04,g-exit,1900-08-04
1415,2006,145,tohoku-s,2006-06-09,2006-08-02,g-exit,1900-08-02
1416,2007,126,tohoku-s,2007-06-21,2007-08-01,g-exit,1900-08-01
1417,2008,68,tohoku-s,2008-06-22,2008-08-06,g-exit,1900-08-06
1418,2009,91,tohoku-s,2009-06-04,,g-exit,
1419,2010,108,tohoku-s,2010-06-14,2010-07-18,g-exit,1900-07-18
1420,2011,110,tohoku-s,2011-06-21,2011-07-09,g-exit,1900-07-09
1421,2012,86,tohoku-s,2012-06-09,2012-07-26,g-exit,1900-07-26
1422,2013,139,tohoku-s,2013-06-15,2013-08-07,g-exit,1900-08-07
1423,2014,99,tohoku-s,2014-06-05,2014-07-25,g-exit,1900-07-25
1424,2015,66,tohoku-s,2015-06-26,2015-07-26,g-exit,1900-07-26
1425,2016,70,tohoku-s,2016-06-13,2016-07-29,g-exit,1900-07-29
1426,2017,110,tohoku-s,2017-06-30,,g-exit,
1427,2018,43,tohoku-s,2018-06-10,2018-07-14,g-exit,1900-07-14
1428,1951,115,tokai,1951-06-28,1951-07-18,g-exit,1900-07-18
1429,1952,157,tokai,1952-05-27,1952-07-16,g-exit,1900-07-16
1430,1953,155,tokai,1953-05-28,1953-07-24,g-exit,1900-07-24
1431,1954,149,tokai,1954-06-06,1954-08-02,g-exit,1900-08-02
1432,1955,67,tokai,1955-06-02,1955-07-09,g-exit,1900-07-09
1433,1956,85,tokai,1956-05-22,1956-07-13,g-exit,1900-07-13
1434,1957,112,tokai,1957-06-21,1957-07-29,g-exit,1900-07-29
1435,1958,83,tokai,1958-06-25,1958-07-15,g-exit,1900-07-15
1436,1959,74,tokai,1959-06-19,1959-07-20,g-exit,1900-07-20
1437,1960,75,tokai,1960-06-21,1960-07-11,g-exit,1900-07-11
1438,1961,145,tokai,1961-06-21,1961-07-14,g-exit,1900-07-14
1439,1962,165,tokai,1962-06-03,1962-07-12,g-exit,1900-07-12
1440,1963,104,tokai,1963-05-04,1963-06-22,g-exit,1900-06-22
1441,1964,85,tokai,1964-06-20,1964-07-22,g-exit,1900-07-22
1442,1965,108,tokai,1965-06-12,1965-07-24,g-exit,1900-07-24
1443,1966,117,tokai,1966-06-15,1966-07-13,g-exit,1900-07-13
1444,1967,100,tokai,1967-06-22,1967-07-15,g-exit,1900-07-15
1445,1968,121,tokai,1968-06-13,1968-07-18,g-exit,1900-07-18
1446,1969,133,tokai,1969-06-17,1969-07-14,g-exit,1900-07-14
1447,1970,137,tokai,1970-06-10,1970-07-18,g-exit,1900-07-18
1448,1971,98,tokai,1971-06-03,1971-07-29,g-exit,1900-07-29
1449,1972,152,tokai,1972-06-12,1972-07-18,g-exit,1900-07-18
1450,1973,55,tokai,1973-06-06,1973-07-05,g-exit,1900-07-05
1451,1974,170,tokai,1974-06-11,1974-07-20,g-exit,1900-07-20
1452,1975,94,tokai,1975-06-05,1975-07-15,g-exit,1900-07-15
1453,1976,106,tokai,1976-06-05,1976-07-21,g-exit,1900-07-21
1454,1977,81,tokai,1977-06-07,1977-07-20,g-exit,1900-07-20
1455,1978,86,tokai,1978-06-11,1978-07-04,g-exit,1900-07-04
1456,1979,81,tokai,1979-06-07,1979-07-23,g-exit,1900-07-23
1457,1980,113,tokai,1980-06-08,1980-07-21,g-exit,1900-07-21
1458,1981,70,tokai,1981-06-11,1981-07-15,g-exit,1900-07-15
1459,1982,116,tokai,1982-06-17,1982-07-30,g-exit,1900-07-30
1460,1983,108,tokai,1983-06-12,1983-07-26,g-exit,1900-07-26
1461,1984,111,tokai,1984-06-08,1984-07-19,g-exit,1900-07-19
1462,1985,127,tokai,1985-06-08,1985-07-14,g-exit,1900-07-14
1463,1986,100,tokai,1986-06-16,1986-07-27,g-exit,1900-07-27
1464,1987,75,tokai,1987-06-09,1987-07-24,g-exit,1900-07-24
1465,1988,127,tokai,1988-06-08,1988-07-30,g-exit,1900-07-30
1466,1989,134,tokai,1989-06-09,1989-07-19,g-exit,1900-07-19
1467,1990,80,tokai,1990-06-01,1990-07-18,g-exit,1900-07-18
1468,1991,110,tokai,1991-05-31,1991-07-21,g-exit,1900-07-21
1469,1992,74,tokai,1992-06-07,1992-07-19,g-exit,1900-07-19
1470,1993,158,tokai,1993-05-30,,g-exit,
1471,1994,51,tokai,1994-06-07,1994-07-11,g-exit,1900-07-11
1472,1995,104,tokai,1995-06-03,1995-07-23,g-exit,1900-07-23
1473,1996,89,tokai,1996-06-08,1996-07-11,g-exit,1900-07-11
1474,1997,122,tokai,1997-06-02,1997-07-19,g-exit,1900-07-19
1475,1998,121,tokai,1998-06-02,1998-07-31,g-exit,1900-07-31
1476,1999,113,tokai,1999-06-15,1999-07-22,g-exit,1900-07-22
1477,2000,86,tokai,2000-06-09,2000-07-16,g-exit,1900-07-16
1478,2001,52,tokai,2001-06-05,2001-07-02,g-exit,1900-07-02
1479,2002,88,tokai,2002-06-11,2002-07-20,g-exit,1900-07-20
1480,2003,105,tokai,2003-06-10,2003-07-31,g-exit,1900-07-31
1481,2004,78,tokai,2004-06-06,2004-07-13,g-exit,1900-07-13
1482,2005,83,tokai,2005-06-11,2005-07-18,g-exit,1900-07-18
1483,2006,105,tokai,2006-06-08,2006-07-26,g-exit,1900-07-26
1484,2007,130,tokai,2007-06-14,2007-07-27,g-exit,1900-07-27
1485,2008,77,tokai,2008-05-28,2008-07-12,g-exit,1900-07-12
1486,2009,108,tokai,2009-06-03,2009-08-03,g-exit,1900-08-03
1487,2010,100,tokai,2010-06-13,2010-07-17,g-exit,1900-07-17
1488,2011,103,tokai,2011-05-22,2011-07-08,g-exit,1900-07-08
1489,2012,102,tokai,2012-06-08,2012-07-23,g-exit,1900-07-23
1490,2013,68,tokai,2013-05-28,2013-07-07,g-exit,1900-07-07
1491,2014,60,tokai,2014-06-04,2014-07-21,g-exit,1900-07-21
1492,2015,135,tokai,2015-06-03,2015-07-24,g-exit,1900-07-24
1493,2016,89,tokai,2016-06-04,2016-07-28,g-exit,1900-07-28
1494,2017,67,tokai,2017-06-21,2017-07-15,g-exit,1900-07-15
1495,2018,110,tokai,2018-06-05,2018-07-09,g-exit,1900-07-09
